ANO_ELEICAO,NM_UE,DS_CARGO,NR_CANDIDATO,NR_PARTIDO,SG_PARTIDO,NM_MUNICIPIO_NASCIMENTO,NR_IDADE_DATA_POSSE,DS_GENERO,DS_GRAU_INSTRUCAO,DS_COR_RACA,DS_OCUPACAO
2020,VITÓRIA DA CONQUISTA,VEREADOR,10555,10,REPUBLICANOS,SÃO PAULO,36,MASCULINO,ENSINO MÉDIO COMPLETO,PARDA,OUTROS
2020,VITÓRIA DA CONQUISTA,VEREADOR,70133,70,AVANTE,VITÓRIA DA CONQUISTA,36,MASCULINO,ENSINO FUNDAMENTAL INCOMPLETO,PRETA,COMERCIANTE
2020,VITÓRIA DA CONQUISTA,VEREADOR,36442,36,PTC,ANAGÉ,53,MASCULINO,ENSINO FUNDAMENTAL INCOMPLETO,BRANCA,OUTROS
2020,VITÓRIA DA CONQUISTA,VEREADOR,19345,19,PODE,VITÓRIA DA CONQUISTA,41,MASCULINO,ENSINO MÉDIO COMPLETO,PRETA,OUTROS
2020,VITÓRIA DA CONQUISTA,VEREADOR,65333,65,PC do B,ITAPETINGA,42,FEMININO,SUPERIOR COMPLETO,PRETA,VEREADOR
2020,VITÓRIA DA CONQUISTA,VEREADOR,51190,51,PATRIOTA,VITÓRIA DA CONQUISTA,44,MASCULINO,ENSINO MÉDIO COMPLETO,PARDA,"TÉCNICO DE ELETRICIDADE, ELETRÔNICA E TELECOMUNICAÇÕES"
2020,VITÓRIA DA CONQUISTA,VEREADOR,19232,19,PODE,ITARANTIM,53,FEMININO,LÊ E ESCREVE,PARDA,OUTROS
2020,VITÓRIA DA CONQUISTA,VEREADOR,19192,19,PODE,VITÓRIA DA CONQUISTA,57,MASCULINO,ENSINO MÉDIO COMPLETO,PARDA,ELETRICISTA E ASSEMELHADOS
2020,VITÓRIA DA CONQUISTA,VEREADOR,51345,51,PATRIOTA,VITÓRIA DA CONQUISTA,48,MASCULINO,ENSINO MÉDIO COMPLETO,PARDA,OUTROS
2020,VITÓRIA DA CONQUISTA,VEREADOR,10222,10,REPUBLICANOS,PIANCÓ,49,MASCULINO,ENSINO MÉDIO COMPLETO,PARDA,VEREADOR
2020,VITÓRIA DA CONQUISTA,VEREADOR,14188,14,PTB,VITÓRIA DA CONQUISTA,39,MASCULINO,SUPERIOR COMPLETO,PARDA,OUTROS
2020,VITÓRIA DA CONQUISTA,VEREADOR,28222,28,PRTB,VITÓRIA DA CONQUISTA,36,MASCULINO,ENSINO MÉDIO COMPLETO,PRETA,ALMOXARIFE
2020,VITÓRIA DA CONQUISTA,VEREADOR,20010,20,PSC,SÃO PAULO,36,MASCULINO,ENSINO MÉDIO COMPLETO,SEM INFORMAÇÃO,OUTROS
2020,VITÓRIA DA CONQUISTA,VEREADOR,11333,11,PP,VITÓRIA DA CONQUISTA,41,MASCULINO,ENSINO MÉDIO INCOMPLETO,PARDA,OUTROS
2020,VITÓRIA DA CONQUISTA,VEREADOR,51511,51,PATRIOTA,VITÓRIA DA CONQUISTA,64,MASCULINO,LÊ E ESCREVE,PRETA,OUTROS
2020,VITÓRIA DA CONQUISTA,VEREADOR,18018,18,REDE,PLANALTO,56,MASCULINO,ENSINO MÉDIO COMPLETO,PARDA,OUTROS
2020,VITÓRIA DA CONQUISTA,VEREADOR,51095,51,PATRIOTA,VITÓRIA DA CONQUISTA,40,FEMININO,ENSINO FUNDAMENTAL INCOMPLETO,PRETA,OUTROS
2020,VITÓRIA DA CONQUISTA,VEREADOR,15015,15,MDB,XIQUE-XIQUE,49,MASCULINO,SUPERIOR COMPLETO,PARDA,ADVOGADO
2020,VITÓRIA DA CONQUISTA,VEREADOR,14455,14,PTB,FLORESTA AZUL,42,MASCULINO,ENSINO FUNDAMENTAL INCOMPLETO,PRETA,OUTROS
2020,VITÓRIA DA CONQUISTA,VEREADOR,11123,11,PP,VITÓRIA DA CONQUISTA,36,MASCULINO,ENSINO MÉDIO COMPLETO,PARDA,OUTROS
2020,VITÓRIA DA CONQUISTA,VEREADOR,45445,45,PSDB,VITÓRIA DA CONQUISTA,34,MASCULINO,ENSINO FUNDAMENTAL COMPLETO,BRANCA,MECÂNICO DE MANUTENÇÃO
2020,VITÓRIA DA CONQUISTA,VEREADOR,65222,65,PC do B,VITÓRIA DA CONQUISTA,45,MASCULINO,ENSINO FUNDAMENTAL COMPLETO,BRANCA,VEREADOR
2020,VITÓRIA DA CONQUISTA,VEREADOR,65400,65,PC do B,VITÓRIA DA CONQUISTA,32,FEMININO,ENSINO FUNDAMENTAL COMPLETO,BRANCA,CABELEIREIRO E BARBEIRO
2020,VITÓRIA DA CONQUISTA,VEREADOR,65999,65,PC do B,ITORORÓ,45,MASCULINO,ENSINO MÉDIO COMPLETO,BRANCA,OUTROS
2020,VITÓRIA DA CONQUISTA,VEREADOR,28192,28,PRTB,TREMEDAL,44,MASCULINO,SUPERIOR INCOMPLETO,PARDA,REPRESENTANTE COMERCIAL
2020,VITÓRIA DA CONQUISTA,VEREADOR,19999,19,PODE,SÃO PAULO,50,MASCULINO,SUPERIOR COMPLETO,PARDA,POLICIAL CIVIL
2020,VITÓRIA DA CONQUISTA,VEREADOR,40662,40,PSB,PETROLÂNDIA,53,FEMININO,SUPERIOR COMPLETO,PARDA,PROFESSOR DE ENSINO FUNDAMENTAL
2020,VITÓRIA DA CONQUISTA,VEREADOR,15522,15,MDB,VITÓRIA DA CONQUISTA,35,FEMININO,SUPERIOR INCOMPLETO,PARDA,DONA DE CASA
2020,VITÓRIA DA CONQUISTA,VEREADOR,20668,20,PSC,ITAPETINGA,50,MASCULINO,ENSINO FUNDAMENTAL INCOMPLETO,BRANCA,VENDEDOR DE COMÉRCIO VAREJISTA E ATACADISTA
2020,VITÓRIA DA CONQUISTA,VEREADOR,50180,50,PSOL,VITÓRIA DA CONQUISTA,40,FEMININO,SUPERIOR INCOMPLETO,PRETA,PROFESSOR DE ENSINO FUNDAMENTAL
2020,VITÓRIA DA CONQUISTA,VEREADOR,20100,20,PSC,VITÓRIA DA CONQUISTA,27,MASCULINO,SUPERIOR INCOMPLETO,SEM INFORMAÇÃO,COREÓGRAFO E BAILARINO
2020,VITÓRIA DA CONQUISTA,VEREADOR,45121,45,PSDB,BELO CAMPO,40,MASCULINO,SUPERIOR INCOMPLETO,PARDA,"ESTUDANTE, BOLSISTA, ESTAGIÁRIO E ASSEMELHADOS"
2020,VITÓRIA DA CONQUISTA,VEREADOR,70007,70,AVANTE,VITÓRIA DA CONQUISTA,45,MASCULINO,SUPERIOR COMPLETO,PARDA,POLICIAL CIVIL
2020,VITÓRIA DA CONQUISTA,VEREADOR,36133,36,PTC,VITÓRIA DA CONQUISTA,58,MASCULINO,ENSINO MÉDIO COMPLETO,BRANCA,OUTROS
2020,VITÓRIA DA CONQUISTA,VEREADOR,40666,40,PSB,VITÓRIA DA CONQUISTA,45,FEMININO,ENSINO MÉDIO COMPLETO,PRETA,ENFERMEIRO
2020,VITÓRIA DA CONQUISTA,VEREADOR,36300,36,PTC,JUREMA,64,FEMININO,ENSINO MÉDIO COMPLETO,BRANCA,COMERCIANTE
2020,VITÓRIA DA CONQUISTA,VEREADOR,40777,40,PSB,JUSSARA,33,FEMININO,SUPERIOR COMPLETO,PRETA,ECONOMISTA
2020,VITÓRIA DA CONQUISTA,VEREADOR,19323,19,PODE,VITÓRIA DA CONQUISTA,63,FEMININO,ENSINO FUNDAMENTAL INCOMPLETO,PARDA,ARTESÃO
2020,VITÓRIA DA CONQUISTA,VEREADOR,19182,19,PODE,VITÓRIA DA CONQUISTA,43,MASCULINO,ENSINO MÉDIO COMPLETO,PARDA,OUTROS
2020,VITÓRIA DA CONQUISTA,VEREADOR,19100,19,PODE,NATAL,55,FEMININO,LÊ E ESCREVE,BRANCA,COMERCIANTE
2020,VITÓRIA DA CONQUISTA,VEREADOR,28817,28,PRTB,VITÓRIA DA CONQUISTA,33,FEMININO,LÊ E ESCREVE,BRANCA,OUTROS
2020,VITÓRIA DA CONQUISTA,VEREADOR,51111,51,PATRIOTA,VITÓRIA DA CONQUISTA,37,MASCULINO,ENSINO MÉDIO COMPLETO,PARDA,VIGILANTE
2020,VITÓRIA DA CONQUISTA,VEREADOR,25125,25,DEM,VITÓRIA DA CONQUISTA,33,MASCULINO,SUPERIOR COMPLETO,BRANCA,OUTROS
2020,VITÓRIA DA CONQUISTA,VEREADOR,13100,13,PT,VITÓRIA DA CONQUISTA,53,MASCULINO,SUPERIOR COMPLETO,PARDA,ADMINISTRADOR
2020,VITÓRIA DA CONQUISTA,VEREADOR,55555,55,PSD,VITÓRIA DA CONQUISTA,54,FEMININO,SUPERIOR COMPLETO,BRANCA,PROFESSOR DE ENSINO FUNDAMENTAL
2020,VITÓRIA DA CONQUISTA,VEREADOR,55134,55,PSD,VITÓRIA DA CONQUISTA,35,MASCULINO,ENSINO MÉDIO INCOMPLETO,BRANCA,MOTORISTA PARTICULAR
2020,VITÓRIA DA CONQUISTA,VEREADOR,19000,19,PODE,CAATIBA,47,MASCULINO,ENSINO FUNDAMENTAL INCOMPLETO,BRANCA,EMPRESÁRIO
2020,VITÓRIA DA CONQUISTA,VEREADOR,22002,22,PL,ANDARAÍ,54,MASCULINO,ENSINO FUNDAMENTAL COMPLETO,PARDA,OUTROS
2020,VITÓRIA DA CONQUISTA,VEREADOR,10133,10,REPUBLICANOS,VITÓRIA DA CONQUISTA,43,MASCULINO,ENSINO FUNDAMENTAL INCOMPLETO,PARDA,COMERCIANTE
2020,VITÓRIA DA CONQUISTA,VEREADOR,70190,70,AVANTE,VITÓRIA DA CONQUISTA,50,MASCULINO,SUPERIOR COMPLETO,PRETA,POLICIAL MILITAR
2020,VITÓRIA DA CONQUISTA,VEREADOR,10117,10,REPUBLICANOS,ITAGI,38,MASCULINO,ENSINO MÉDIO COMPLETO,PARDA,OUTROS
2020,VITÓRIA DA CONQUISTA,VEREADOR,13222,13,PT,ITAPETINGA,39,MASCULINO,ENSINO MÉDIO INCOMPLETO,BRANCA,COMERCIANTE
2020,VITÓRIA DA CONQUISTA,VEREADOR,13313,13,PT,ECOPORANGA,66,FEMININO,SUPERIOR COMPLETO,PARDA,SERVIDOR PÚBLICO MUNICIPAL
2020,VITÓRIA DA CONQUISTA,VEREADOR,40456,40,PSB,VITÓRIA DA CONQUISTA,42,MASCULINO,SUPERIOR COMPLETO,BRANCA,PROFESSOR DE ENSINO MÉDIO
2020,VITÓRIA DA CONQUISTA,VEREADOR,65700,65,PC do B,VITÓRIA DA CONQUISTA,45,MASCULINO,ENSINO MÉDIO COMPLETO,BRANCA,SERVIDOR PÚBLICO MUNICIPAL
2020,VITÓRIA DA CONQUISTA,VEREADOR,11321,11,PP,VITÓRIA DA CONQUISTA,36,MASCULINO,ENSINO FUNDAMENTAL COMPLETO,PARDA,OUTROS
2020,VITÓRIA DA CONQUISTA,VEREADOR,25070,25,DEM,VITÓRIA DA CONQUISTA,57,MASCULINO,ENSINO MÉDIO INCOMPLETO,PARDA,OUTROS
2020,VITÓRIA DA CONQUISTA,VEREADOR,19019,19,PODE,VITÓRIA DA CONQUISTA,56,FEMININO,ENSINO MÉDIO COMPLETO,BRANCA,DONA DE CASA
2020,VITÓRIA DA CONQUISTA,VEREADOR,13300,13,PT,SÃO PAULO,45,FEMININO,SUPERIOR COMPLETO,BRANCA,ENFERMEIRO
2020,VITÓRIA DA CONQUISTA,VEREADOR,28190,28,PRTB,VITÓRIA DA CONQUISTA,36,MASCULINO,SUPERIOR COMPLETO,BRANCA,ADVOGADO
2020,VITÓRIA DA CONQUISTA,PREFEITO,15,15,MDB,VITÓRIA DA CONQUISTA,72,MASCULINO,SUPERIOR COMPLETO,BRANCA,PREFEITO
2020,VITÓRIA DA CONQUISTA,VEREADOR,22011,22,PL,VITÓRIA DA CONQUISTA,57,MASCULINO,ENSINO FUNDAMENTAL COMPLETO,PARDA,OUTROS
2020,VITÓRIA DA CONQUISTA,VEREADOR,20160,20,PSC,VITÓRIA DA CONQUISTA,34,MASCULINO,ENSINO FUNDAMENTAL INCOMPLETO,SEM INFORMAÇÃO,VENDEDOR DE COMÉRCIO VAREJISTA E ATACADISTA
2020,VITÓRIA DA CONQUISTA,VEREADOR,36700,36,PTC,TAUÁ,53,MASCULINO,ENSINO FUNDAMENTAL COMPLETO,BRANCA,EMPRESÁRIO
2020,VITÓRIA DA CONQUISTA,VEREADOR,36233,36,PTC,ANAGÉ,41,FEMININO,ENSINO MÉDIO COMPLETO,BRANCA,OUTROS
2020,VITÓRIA DA CONQUISTA,VEREADOR,11111,11,PP,IBICARAÍ,53,FEMININO,ENSINO FUNDAMENTAL COMPLETO,PARDA,AGENTE DE SAÚDE E SANITARISTA
2020,VITÓRIA DA CONQUISTA,VEREADOR,11135,11,PP,VITÓRIA DA CONQUISTA,59,FEMININO,ENSINO MÉDIO COMPLETO,PARDA,AGENTE DE SAÚDE E SANITARISTA
2020,VITÓRIA DA CONQUISTA,VEREADOR,20333,20,PSC,ENCRUZILHADA,39,MASCULINO,ENSINO FUNDAMENTAL COMPLETO,SEM INFORMAÇÃO,APOSENTADO (EXCETO SERVIDOR PÚBLICO)
2020,VITÓRIA DA CONQUISTA,VEREADOR,65444,65,PC do B,VITÓRIA DA CONQUISTA,42,MASCULINO,ENSINO MÉDIO COMPLETO,PARDA,OUTROS
2020,VITÓRIA DA CONQUISTA,VEREADOR,36192,36,PTC,VITÓRIA DA CONQUISTA,44,MASCULINO,ENSINO MÉDIO COMPLETO,PARDA,TÉCNICO DE ENFERMAGEM E ASSEMELHADOS (EXCETO ENFERMEIRO)
2020,VITÓRIA DA CONQUISTA,VEREADOR,36190,36,PTC,VITÓRIA DA CONQUISTA,32,MASCULINO,ENSINO MÉDIO COMPLETO,PARDA,OUTROS
2020,VITÓRIA DA CONQUISTA,VEREADOR,28333,28,PRTB,VITÓRIA DA CONQUISTA,40,MASCULINO,ENSINO FUNDAMENTAL INCOMPLETO,PARDA,"PADEIRO, CONFEITEIRO E ASSEMELHADOS"
2020,VITÓRIA DA CONQUISTA,VEREADOR,14007,14,PTB,VITÓRIA DA CONQUISTA,61,MASCULINO,SUPERIOR COMPLETO,PARDA,PROFESSOR DE ENSINO SUPERIOR
2020,VITÓRIA DA CONQUISTA,VEREADOR,20020,20,PSC,PALMEIRA DOS ÍNDIOS,50,FEMININO,ENSINO MÉDIO COMPLETO,SEM INFORMAÇÃO,SACERDOTE OU MEMBRO DE ORDEM OU SEITA RELIGIOSA
2020,VITÓRIA DA CONQUISTA,VEREADOR,36999,36,PTC,SÃO PAULO,30,FEMININO,ENSINO MÉDIO COMPLETO,PRETA,OUTROS
2020,VITÓRIA DA CONQUISTA,VEREADOR,14014,14,PTB,VITÓRIA DA CONQUISTA,37,MASCULINO,SUPERIOR COMPLETO,PARDA,COMERCIANTE
2020,VITÓRIA DA CONQUISTA,VEREADOR,13333,13,PT,VITÓRIA DA CONQUISTA,56,MASCULINO,SUPERIOR COMPLETO,PRETA,PROFESSOR DE ENSINO MÉDIO
2020,VITÓRIA DA CONQUISTA,VEREADOR,22038,22,PL,VITÓRIA DA CONQUISTA,41,MASCULINO,ENSINO FUNDAMENTAL COMPLETO,PARDA,OUTROS
2020,VITÓRIA DA CONQUISTA,VEREADOR,10125,10,REPUBLICANOS,SALVADOR,42,MASCULINO,ENSINO MÉDIO INCOMPLETO,PARDA,CABELEIREIRO E BARBEIRO
2020,VITÓRIA DA CONQUISTA,VEREADOR,65600,65,PC do B,ITAMBÉ,37,MASCULINO,ENSINO MÉDIO COMPLETO,BRANCA,OUTROS
2020,VITÓRIA DA CONQUISTA,VEREADOR,14888,14,PTB,VITÓRIA DA CONQUISTA,47,MASCULINO,ENSINO MÉDIO COMPLETO,PARDA,COBRADOR DE TRANSPORTE COLETIVO
2020,VITÓRIA DA CONQUISTA,VEREADOR,19177,19,PODE,ITAMBÉ,43,MASCULINO,ENSINO FUNDAMENTAL COMPLETO,PRETA,VIGILANTE
2020,VITÓRIA DA CONQUISTA,VEREADOR,40018,40,PSB,VITÓRIA DA CONQUISTA,43,FEMININO,ENSINO MÉDIO COMPLETO,PARDA,SERVIDOR PÚBLICO MUNICIPAL
2020,VITÓRIA DA CONQUISTA,VEREADOR,14777,14,PTB,VITÓRIA DA CONQUISTA,61,FEMININO,SUPERIOR COMPLETO,PARDA,OUTROS
2020,VITÓRIA DA CONQUISTA,VEREADOR,45555,45,PSDB,JAGUAQUARA,45,MASCULINO,SUPERIOR COMPLETO,PARDA,OUTROS
2020,VITÓRIA DA CONQUISTA,VEREADOR,20444,20,PSC,JAGUAQUARA,45,MASCULINO,ENSINO FUNDAMENTAL INCOMPLETO,SEM INFORMAÇÃO,OUTROS
2020,VITÓRIA DA CONQUISTA,VEREADOR,45450,45,PSDB,ITAPETINGA,52,FEMININO,SUPERIOR COMPLETO,BRANCA,OUTROS
2020,VITÓRIA DA CONQUISTA,VEREADOR,70070,70,AVANTE,VITÓRIA DA CONQUISTA,32,MASCULINO,ENSINO MÉDIO COMPLETO,PARDA,TÉCNICO DE ENFERMAGEM E ASSEMELHADOS (EXCETO ENFERMEIRO)
2020,VITÓRIA DA CONQUISTA,VEREADOR,19235,19,PODE,VITÓRIA DA CONQUISTA,53,FEMININO,ENSINO FUNDAMENTAL COMPLETO,PARDA,OUTROS
2020,VITÓRIA DA CONQUISTA,VEREADOR,20123,20,PSC,ANAGÉ,50,MASCULINO,ENSINO MÉDIO COMPLETO,SEM INFORMAÇÃO,POLICIAL MILITAR
2020,VITÓRIA DA CONQUISTA,VEREADOR,15222,15,MDB,VITÓRIA DA CONQUISTA,57,MASCULINO,ENSINO MÉDIO COMPLETO,PARDA,OUTROS
2020,VITÓRIA DA CONQUISTA,VEREADOR,14567,14,PTB,VITÓRIA DA CONQUISTA,52,FEMININO,ENSINO MÉDIO INCOMPLETO,BRANCA,OUTROS
2020,VITÓRIA DA CONQUISTA,VEREADOR,70805,70,AVANTE,ALMENARA,42,FEMININO,ENSINO FUNDAMENTAL INCOMPLETO,PARDA,DONA DE CASA
2020,VITÓRIA DA CONQUISTA,VEREADOR,40100,40,PSB,VITÓRIA DA CONQUISTA,53,MASCULINO,SUPERIOR COMPLETO,BRANCA,PRODUTOR AGROPECUÁRIO
2020,VITÓRIA DA CONQUISTA,VEREADOR,19777,19,PODE,ITABUNA,43,MASCULINO,ENSINO MÉDIO INCOMPLETO,BRANCA,ENFERMEIRO
2020,VITÓRIA DA CONQUISTA,VEREADOR,70611,70,AVANTE,ITABUNA,40,FEMININO,ENSINO FUNDAMENTAL INCOMPLETO,PARDA,COMERCIANTE
2020,VITÓRIA DA CONQUISTA,VEREADOR,40444,40,PSB,VITÓRIA DA CONQUISTA,54,MASCULINO,SUPERIOR COMPLETO,BRANCA,PROFESSOR DE ENSINO SUPERIOR
2020,VITÓRIA DA CONQUISTA,VEREADOR,11900,11,PP,TANHAÇU,52,MASCULINO,ENSINO FUNDAMENTAL INCOMPLETO,PARDA,OUTROS
2020,VITÓRIA DA CONQUISTA,VEREADOR,65666,65,PC do B,RIBEIRÃO DO LARGO,26,MASCULINO,ENSINO MÉDIO COMPLETO,BRANCA,MÚSICO
2020,VITÓRIA DA CONQUISTA,VEREADOR,70789,70,AVANTE,VITÓRIA DA CONQUISTA,30,MASCULINO,ENSINO MÉDIO COMPLETO,PARDA,"VENDEDOR PRACISTA, REPRESENTANTE, CAIXEIRO-VIAJANTE E ASSEMELHADOS"
2020,VITÓRIA DA CONQUISTA,VEREADOR,25777,25,DEM,VITÓRIA DA CONQUISTA,39,FEMININO,ENSINO MÉDIO COMPLETO,PARDA,OUTROS
2020,VITÓRIA DA CONQUISTA,VEREADOR,28000,28,PRTB,VITÓRIA DA CONQUISTA,42,MASCULINO,SUPERIOR INCOMPLETO,PARDA,"SUPERVISOR, INSPETOR E AGENTE DE COMPRAS E VENDAS"
2020,VITÓRIA DA CONQUISTA,VEREADOR,28930,28,PRTB,BRUMADO,38,FEMININO,ENSINO MÉDIO COMPLETO,PARDA,OUTROS
2020,VITÓRIA DA CONQUISTA,VEREADOR,11444,11,PP,VITÓRIA DA CONQUISTA,59,MASCULINO,ENSINO FUNDAMENTAL INCOMPLETO,PRETA,OUTROS
2020,VITÓRIA DA CONQUISTA,VEREADOR,65164,65,PC do B,VITÓRIA DA CONQUISTA,40,FEMININO,SUPERIOR COMPLETO,PRETA,OUTROS
2020,VITÓRIA DA CONQUISTA,VEREADOR,20077,20,PSC,JORDÂNIA,36,FEMININO,ENSINO MÉDIO INCOMPLETO,SEM INFORMAÇÃO,DONA DE CASA
2020,VITÓRIA DA CONQUISTA,VEREADOR,20456,20,PSC,IBICARAÍ,38,MASCULINO,ENSINO MÉDIO COMPLETO,SEM INFORMAÇÃO,REPRESENTANTE COMERCIAL
2020,VITÓRIA DA CONQUISTA,VEREADOR,55123,55,PSD,VITÓRIA DA CONQUISTA,53,FEMININO,SUPERIOR COMPLETO,BRANCA,ASSISTENTE SOCIAL
2020,VITÓRIA DA CONQUISTA,VEREADOR,36222,36,PTC,ARACAJU,56,MASCULINO,ENSINO MÉDIO COMPLETO,BRANCA,EMPRESÁRIO
2020,VITÓRIA DA CONQUISTA,VEREADOR,22444,22,PL,VITÓRIA DA CONQUISTA,59,MASCULINO,ENSINO FUNDAMENTAL COMPLETO,PARDA,OUTROS
2020,VITÓRIA DA CONQUISTA,PREFEITO,28,28,PRTB,ALAGOINHAS,38,MASCULINO,SUPERIOR COMPLETO,PARDA,ADVOGADO
2020,VITÓRIA DA CONQUISTA,VEREADOR,20004,20,PSC,VITÓRIA DA CONQUISTA,41,FEMININO,ENSINO MÉDIO COMPLETO,SEM INFORMAÇÃO,AUXILIAR DE ESCRITÓRIO E ASSEMELHADOS
2020,VITÓRIA DA CONQUISTA,VEREADOR,45654,45,PSDB,CHÃ GRANDE,35,FEMININO,ENSINO FUNDAMENTAL INCOMPLETO,BRANCA,EMPRESÁRIO
2020,VITÓRIA DA CONQUISTA,VEREADOR,22122,22,PL,VITÓRIA DA CONQUISTA,42,MASCULINO,ENSINO FUNDAMENTAL COMPLETO,PRETA,OUTROS
2020,VITÓRIA DA CONQUISTA,VEREADOR,22555,22,PL,ITAPETINGA,65,MASCULINO,ENSINO FUNDAMENTAL COMPLETO,PARDA,OUTROS
2020,VITÓRIA DA CONQUISTA,VEREADOR,14147,14,PTB,VITÓRIA DA CONQUISTA,46,MASCULINO,SUPERIOR COMPLETO,BRANCA,ADVOGADO
2020,VITÓRIA DA CONQUISTA,VEREADOR,10190,10,REPUBLICANOS,VITÓRIA DA CONQUISTA,33,MASCULINO,ENSINO FUNDAMENTAL COMPLETO,PARDA,VIGILANTE
2020,VITÓRIA DA CONQUISTA,VEREADOR,70444,70,AVANTE,VITÓRIA DA CONQUISTA,38,MASCULINO,ENSINO MÉDIO COMPLETO,PARDA,AGENTE DE SAÚDE E SANITARISTA
2020,VITÓRIA DA CONQUISTA,VEREADOR,11350,11,PP,VITÓRIA DA CONQUISTA,56,MASCULINO,ENSINO FUNDAMENTAL INCOMPLETO,PARDA,COMERCIANTE
2020,VITÓRIA DA CONQUISTA,VEREADOR,40180,40,PSB,VITÓRIA DA CONQUISTA,27,MASCULINO,SUPERIOR COMPLETO,PARDA,ADVOGADO
2020,VITÓRIA DA CONQUISTA,VEREADOR,45455,45,PSDB,VITÓRIA DA CONQUISTA,40,FEMININO,SUPERIOR COMPLETO,BRANCA,ADVOGADO
2020,VITÓRIA DA CONQUISTA,VEREADOR,28128,28,PRTB,SÃO PAULO,33,MASCULINO,SUPERIOR COMPLETO,PARDA,OUTROS
2020,VITÓRIA DA CONQUISTA,VEREADOR,45999,45,PSDB,VITÓRIA DA CONQUISTA,59,MASCULINO,ENSINO MÉDIO COMPLETO,BRANCA,OUTROS
2020,VITÓRIA DA CONQUISTA,VEREADOR,70111,70,AVANTE,FRANCISCO BADARÓ,37,FEMININO,ENSINO MÉDIO INCOMPLETO,PARDA,DONA DE CASA
2020,VITÓRIA DA CONQUISTA,VEREADOR,51777,51,PATRIOTA,VITÓRIA DA CONQUISTA,28,MASCULINO,SUPERIOR COMPLETO,PRETA,OUTROS
2020,VITÓRIA DA CONQUISTA,VEREADOR,36006,36,PTC,VITÓRIA DA CONQUISTA,42,MASCULINO,ENSINO MÉDIO COMPLETO,PARDA,PROFESSOR E INSTRUTOR DE FORMAÇÃO PROFISSIONAL
2020,VITÓRIA DA CONQUISTA,VEREADOR,50222,50,PSOL,SÃO PAULO,47,MASCULINO,SUPERIOR COMPLETO,PRETA,PROFESSOR DE ENSINO MÉDIO
2020,VITÓRIA DA CONQUISTA,VEREADOR,14100,14,PTB,VITÓRIA DA CONQUISTA,62,MASCULINO,ENSINO MÉDIO COMPLETO,PARDA,APOSENTADO (EXCETO SERVIDOR PÚBLICO)
2020,VITÓRIA DA CONQUISTA,VEREADOR,10333,10,REPUBLICANOS,TANHAÇU,53,MASCULINO,ENSINO FUNDAMENTAL COMPLETO,PARDA,MOTORISTA DE VEÍCULOS DE TRANSPORTE DE CARGA
2020,VITÓRIA DA CONQUISTA,VEREADOR,19123,19,PODE,VITÓRIA DA CONQUISTA,66,MASCULINO,ENSINO FUNDAMENTAL INCOMPLETO,PARDA,VEREADOR
2020,VITÓRIA DA CONQUISTA,VEREADOR,22200,22,PL,CARATINGA,59,MASCULINO,ENSINO FUNDAMENTAL COMPLETO,PARDA,OUTROS
2020,VITÓRIA DA CONQUISTA,VEREADOR,15678,15,MDB,VITÓRIA DA CONQUISTA,38,FEMININO,SUPERIOR INCOMPLETO,PARDA,OUTROS
2020,VITÓRIA DA CONQUISTA,VEREADOR,25789,25,DEM,VITÓRIA DA CONQUISTA,63,MASCULINO,ENSINO MÉDIO INCOMPLETO,PARDA,OUTROS
2020,VITÓRIA DA CONQUISTA,VEREADOR,11222,11,PP,SALVADOR,54,MASCULINO,SUPERIOR COMPLETO,PARDA,SERVIDOR PÚBLICO ESTADUAL
2020,VITÓRIA DA CONQUISTA,VEREADOR,65456,65,PC do B,VITÓRIA DA CONQUISTA,46,MASCULINO,ENSINO FUNDAMENTAL INCOMPLETO,PARDA,OUTROS
2020,VITÓRIA DA CONQUISTA,VEREADOR,14333,14,PTB,VITÓRIA DA CONQUISTA,44,MASCULINO,ENSINO MÉDIO COMPLETO,PARDA,OUTROS
2020,VITÓRIA DA CONQUISTA,VEREADOR,45333,45,PSDB,VITÓRIA DA CONQUISTA,65,MASCULINO,ENSINO MÉDIO COMPLETO,PRETA,COMERCIANTE
2020,VITÓRIA DA CONQUISTA,VEREADOR,65100,65,PC do B,VITÓRIA DA CONQUISTA,35,MASCULINO,SUPERIOR INCOMPLETO,BRANCA,MÚSICO
2020,VITÓRIA DA CONQUISTA,VEREADOR,65656,65,PC do B,POÇÕES,51,MASCULINO,SUPERIOR COMPLETO,BRANCA,PROFESSOR DE ENSINO MÉDIO
2020,VITÓRIA DA CONQUISTA,PREFEITO,17,17,PSL,VITÓRIA DA CONQUISTA,46,MASCULINO,SUPERIOR COMPLETO,BRANCA,POLICIAL MILITAR
2020,VITÓRIA DA CONQUISTA,VEREADOR,19025,19,PODE,URANDI,45,MASCULINO,ENSINO FUNDAMENTAL INCOMPLETO,BRANCA,EMPRESÁRIO
2020,VITÓRIA DA CONQUISTA,VEREADOR,65252,65,PC do B,VITÓRIA DA CONQUISTA,42,FEMININO,SUPERIOR COMPLETO,PRETA,PROFESSOR DE ENSINO FUNDAMENTAL
2020,VITÓRIA DA CONQUISTA,VEREADOR,15111,15,MDB,VITÓRIA DA CONQUISTA,49,MASCULINO,SUPERIOR INCOMPLETO,PARDA,VEREADOR
2020,VITÓRIA DA CONQUISTA,VEREADOR,45222,45,PSDB,VITÓRIA DA CONQUISTA,30,FEMININO,ENSINO MÉDIO COMPLETO,PRETA,VENDEDOR DE COMÉRCIO VAREJISTA E ATACADISTA
2020,VITÓRIA DA CONQUISTA,VEREADOR,70777,70,AVANTE,POTIRAGUÁ,56,MASCULINO,ENSINO MÉDIO COMPLETO,BRANCA,REPRESENTANTE COMERCIAL
2020,VITÓRIA DA CONQUISTA,VEREADOR,10001,10,REPUBLICANOS,CACHOEIRA DE PAJEÚ,52,FEMININO,ENSINO MÉDIO COMPLETO,PARDA,COMERCIANTE
2020,VITÓRIA DA CONQUISTA,VEREADOR,10015,10,REPUBLICANOS,VITÓRIA DA CONQUISTA,50,FEMININO,ENSINO FUNDAMENTAL COMPLETO,PARDA,COMERCIANTE
2020,VITÓRIA DA CONQUISTA,VEREADOR,36666,36,PTC,VITÓRIA DA CONQUISTA,58,MASCULINO,ENSINO FUNDAMENTAL INCOMPLETO,PARDA,COMERCIANTE
2020,VITÓRIA DA CONQUISTA,VEREADOR,19200,19,PODE,SÃO PAULO,39,MASCULINO,ENSINO MÉDIO COMPLETO,PRETA,TÉCNICO DE ENFERMAGEM E ASSEMELHADOS (EXCETO ENFERMEIRO)
2020,VITÓRIA DA CONQUISTA,VEREADOR,45789,45,PSDB,JEQUIÉ,40,MASCULINO,ENSINO MÉDIO COMPLETO,PARDA,VENDEDOR DE COMÉRCIO VAREJISTA E ATACADISTA
2020,VITÓRIA DA CONQUISTA,VEREADOR,55222,55,PSD,CACULÉ,65,FEMININO,SUPERIOR COMPLETO,PARDA,APOSENTADO (EXCETO SERVIDOR PÚBLICO)
2020,VITÓRIA DA CONQUISTA,VEREADOR,13888,13,PT,VITÓRIA DA CONQUISTA,52,MASCULINO,SUPERIOR INCOMPLETO,PRETA,ADMINISTRADOR
2020,VITÓRIA DA CONQUISTA,VEREADOR,22700,22,PL,SÃO PAULO,44,MASCULINO,ENSINO FUNDAMENTAL INCOMPLETO,PARDA,OUTROS
2020,VITÓRIA DA CONQUISTA,VEREADOR,28777,28,PRTB,VITÓRIA DA CONQUISTA,42,MASCULINO,SUPERIOR COMPLETO,PARDA,ADMINISTRADOR
2020,VITÓRIA DA CONQUISTA,VEREADOR,11170,11,PP,BANDEIRA DO SUL,58,FEMININO,ENSINO MÉDIO COMPLETO,PARDA,AGENTE DE SAÚDE E SANITARISTA
2020,VITÓRIA DA CONQUISTA,VEREADOR,10310,10,REPUBLICANOS,VITÓRIA DA CONQUISTA,60,MASCULINO,ENSINO FUNDAMENTAL INCOMPLETO,PARDA,APOSENTADO (EXCETO SERVIDOR PÚBLICO)
2020,VITÓRIA DA CONQUISTA,VEREADOR,11005,11,PP,VITÓRIA DA CONQUISTA,58,FEMININO,ENSINO MÉDIO COMPLETO,PARDA,REPRESENTANTE COMERCIAL
2020,VITÓRIA DA CONQUISTA,VEREADOR,28277,28,PRTB,ITABUNA,38,MASCULINO,ENSINO MÉDIO COMPLETO,PARDA,OUTROS
2020,VITÓRIA DA CONQUISTA,VEREADOR,65567,65,PC do B,VITÓRIA DA CONQUISTA,50,FEMININO,ENSINO FUNDAMENTAL INCOMPLETO,BRANCA,OUTROS
2020,VITÓRIA DA CONQUISTA,VEREADOR,45444,45,PSDB,LAGARTO,57,MASCULINO,ENSINO MÉDIO COMPLETO,PARDA,VIGILANTE
2020,VITÓRIA DA CONQUISTA,VEREADOR,25322,25,DEM,PLANALTO,34,FEMININO,ENSINO MÉDIO COMPLETO,PARDA,OUTROS
2020,VITÓRIA DA CONQUISTA,VEREADOR,11567,11,PP,VITÓRIA DA CONQUISTA,72,MASCULINO,ENSINO FUNDAMENTAL INCOMPLETO,PRETA,VENDEDOR DE COMÉRCIO VAREJISTA E ATACADISTA
2020,VITÓRIA DA CONQUISTA,VEREADOR,18000,18,REDE,VITÓRIA DA CONQUISTA,28,FEMININO,ENSINO MÉDIO COMPLETO,PARDA,OUTROS
2020,VITÓRIA DA CONQUISTA,VEREADOR,19444,19,PODE,VITÓRIA DA CONQUISTA,32,MASCULINO,ENSINO MÉDIO COMPLETO,PRETA,TÉCNICO DE ENFERMAGEM E ASSEMELHADOS (EXCETO ENFERMEIRO)
2020,VITÓRIA DA CONQUISTA,VEREADOR,25255,25,DEM,SÃO PAULO,39,MASCULINO,ENSINO FUNDAMENTAL COMPLETO,PARDA,OUTROS
2020,VITÓRIA DA CONQUISTA,VEREADOR,51400,51,PATRIOTA,VITÓRIA DA CONQUISTA,24,FEMININO,SUPERIOR INCOMPLETO,BRANCA,OUTROS
2020,VITÓRIA DA CONQUISTA,VEREADOR,10192,10,REPUBLICANOS,VITÓRIA DA CONQUISTA,39,FEMININO,ENSINO FUNDAMENTAL INCOMPLETO,PARDA,DONA DE CASA
2020,VITÓRIA DA CONQUISTA,VEREADOR,55224,55,PSD,VITÓRIA DA CONQUISTA,55,FEMININO,ENSINO MÉDIO COMPLETO,BRANCA,OUTROS
2020,VITÓRIA DA CONQUISTA,VEREADOR,20200,20,PSC,ITUAÇU,47,MASCULINO,SUPERIOR COMPLETO,SEM INFORMAÇÃO,POLICIAL CIVIL
2020,VITÓRIA DA CONQUISTA,VEREADOR,28928,28,PRTB,SÃO PAULO,53,FEMININO,ENSINO MÉDIO COMPLETO,PARDA,APOSENTADO (EXCETO SERVIDOR PÚBLICO)
2020,VITÓRIA DA CONQUISTA,VEREADOR,19789,19,PODE,VITÓRIA DA CONQUISTA,53,MASCULINO,SUPERIOR COMPLETO,BRANCA,PEDAGOGO
2020,VITÓRIA DA CONQUISTA,VEREADOR,10999,10,REPUBLICANOS,BELO HORIZONTE,52,MASCULINO,ENSINO FUNDAMENTAL INCOMPLETO,PRETA,OUTROS
2020,VITÓRIA DA CONQUISTA,VEREADOR,25000,25,DEM,ARACATU,50,MASCULINO,ENSINO MÉDIO COMPLETO,PARDA,OUTROS
2020,VITÓRIA DA CONQUISTA,VEREADOR,65123,65,PC do B,GANDU,49,MASCULINO,ENSINO MÉDIO COMPLETO,PRETA,OUTROS
2020,VITÓRIA DA CONQUISTA,VEREADOR,45588,45,PSDB,VITÓRIA DA CONQUISTA,70,FEMININO,SUPERIOR COMPLETO,BRANCA,APOSENTADO (EXCETO SERVIDOR PÚBLICO)
2020,VITÓRIA DA CONQUISTA,VEREADOR,22652,22,PL,DIADEMA,37,FEMININO,ENSINO MÉDIO COMPLETO,PARDA,OUTROS
2020,VITÓRIA DA CONQUISTA,VEREADOR,10111,10,REPUBLICANOS,VITÓRIA DA CONQUISTA,35,FEMININO,ENSINO FUNDAMENTAL INCOMPLETO,BRANCA,MANICURE E MAQUILADOR
2020,VITÓRIA DA CONQUISTA,VEREADOR,15000,15,MDB,ILHÉUS,55,MASCULINO,ENSINO MÉDIO COMPLETO,PARDA,PROFESSOR DE ENSINO FUNDAMENTAL
2020,VITÓRIA DA CONQUISTA,VICE-PREFEITO,11,77,SOLIDARIEDADE,SALTO DA DIVISA,50,MASCULINO,SUPERIOR COMPLETO,BRANCA,EMPRESÁRIO
2020,VITÓRIA DA CONQUISTA,VEREADOR,65111,65,PC do B,VITÓRIA DA CONQUISTA,45,MASCULINO,ENSINO MÉDIO COMPLETO,PARDA,OUTROS
2020,VITÓRIA DA CONQUISTA,VEREADOR,10565,10,REPUBLICANOS,JEQUIÉ,51,FEMININO,SUPERIOR COMPLETO,PARDA,PROFESSOR DE ENSINO MÉDIO
2020,VITÓRIA DA CONQUISTA,VEREADOR,25192,25,DEM,VITÓRIA DA CONQUISTA,26,MASCULINO,SUPERIOR COMPLETO,PARDA,TÉCNICO DE ENFERMAGEM E ASSEMELHADOS (EXCETO ENFERMEIRO)
2020,VITÓRIA DA CONQUISTA,VEREADOR,70555,70,AVANTE,CAATIBA,64,MASCULINO,ENSINO MÉDIO COMPLETO,PARDA,EMPRESÁRIO
2020,VITÓRIA DA CONQUISTA,VEREADOR,14555,14,PTB,VITÓRIA DA CONQUISTA,48,MASCULINO,ENSINO MÉDIO COMPLETO,PARDA,COMERCIANTE
2020,VITÓRIA DA CONQUISTA,VICE-PREFEITO,18,18,REDE,ITAGIBÁ,23,MASCULINO,SUPERIOR INCOMPLETO,PRETA,OUTROS
2020,VITÓRIA DA CONQUISTA,VEREADOR,11777,11,PP,ITAPEBI,56,FEMININO,ENSINO FUNDAMENTAL INCOMPLETO,BRANCA,COMERCIANTE
2020,VITÓRIA DA CONQUISTA,VEREADOR,14015,14,PTB,RECIFE,67,FEMININO,ENSINO MÉDIO COMPLETO,BRANCA,DONA DE CASA
2020,VITÓRIA DA CONQUISTA,VEREADOR,36000,36,PTC,VITÓRIA DA CONQUISTA,55,MASCULINO,ENSINO FUNDAMENTAL INCOMPLETO,PARDA,OUTROS
2020,VITÓRIA DA CONQUISTA,VEREADOR,19201,19,PODE,VITÓRIA DA CONQUISTA,48,MASCULINO,ENSINO FUNDAMENTAL INCOMPLETO,BRANCA,MECÂNICO DE MANUTENÇÃO
2020,VITÓRIA DA CONQUISTA,VEREADOR,45545,45,PSDB,VITÓRIA DA CONQUISTA,58,FEMININO,ENSINO FUNDAMENTAL INCOMPLETO,PARDA,OUTROS
2020,VITÓRIA DA CONQUISTA,VEREADOR,65777,65,PC do B,VITÓRIA DA CONQUISTA,44,MASCULINO,ENSINO MÉDIO COMPLETO,BRANCA,OUTROS
2020,VITÓRIA DA CONQUISTA,VEREADOR,45123,45,PSDB,SÃO JOSÉ DO RIO PRETO,46,MASCULINO,SUPERIOR COMPLETO,BRANCA,OUTROS
2020,VITÓRIA DA CONQUISTA,VEREADOR,40123,40,PSB,VITÓRIA DA CONQUISTA,35,MASCULINO,SUPERIOR COMPLETO,BRANCA,PSICÓLOGO
2020,VITÓRIA DA CONQUISTA,VEREADOR,45038,45,PSDB,INAJÁ,40,MASCULINO,ENSINO FUNDAMENTAL COMPLETO,PARDA,COMERCIANTE
2020,VITÓRIA DA CONQUISTA,VEREADOR,40015,40,PSB,BELO CAMPO,43,FEMININO,ENSINO MÉDIO COMPLETO,BRANCA,OUTROS
2020,VITÓRIA DA CONQUISTA,VEREADOR,55888,55,PSD,VITÓRIA DA CONQUISTA,42,FEMININO,SUPERIOR COMPLETO,PARDA,ASSISTENTE SOCIAL
2020,VITÓRIA DA CONQUISTA,VEREADOR,15777,15,MDB,VITÓRIA DA CONQUISTA,50,MASCULINO,ENSINO FUNDAMENTAL COMPLETO,BRANCA,OUTROS
2020,VITÓRIA DA CONQUISTA,VEREADOR,11001,11,PP,VITÓRIA DA CONQUISTA,35,FEMININO,ENSINO MÉDIO COMPLETO,BRANCA,OUTROS
2020,VITÓRIA DA CONQUISTA,VEREADOR,28878,28,PRTB,CÂNDIDO SALES,59,FEMININO,ENSINO FUNDAMENTAL INCOMPLETO,PARDA,OUTROS
2020,VITÓRIA DA CONQUISTA,VEREADOR,40222,40,PSB,VITÓRIA DA CONQUISTA,39,MASCULINO,SUPERIOR COMPLETO,PRETA,PUBLICITÁRIO
2020,VITÓRIA DA CONQUISTA,VEREADOR,10124,10,REPUBLICANOS,VITÓRIA DA CONQUISTA,64,MASCULINO,ENSINO MÉDIO COMPLETO,PARDA,OUTROS
2020,VITÓRIA DA CONQUISTA,VEREADOR,14123,14,PTB,VITÓRIA DA CONQUISTA,49,MASCULINO,ENSINO MÉDIO COMPLETO,PARDA,EMPRESÁRIO
2020,VITÓRIA DA CONQUISTA,VEREADOR,70130,70,AVANTE,VITÓRIA DA CONQUISTA,57,MASCULINO,ENSINO MÉDIO INCOMPLETO,PRETA,MILITAR REFORMADO
2020,VITÓRIA DA CONQUISTA,VEREADOR,20321,20,PSC,VITÓRIA DA CONQUISTA,34,MASCULINO,ENSINO MÉDIO COMPLETO,SEM INFORMAÇÃO,"SUPERVISOR, INSPETOR E AGENTE DE COMPRAS E VENDAS"
2020,VITÓRIA DA CONQUISTA,VEREADOR,65141,65,PC do B,VITÓRIA DA CONQUISTA,16,FEMININO,ENSINO FUNDAMENTAL COMPLETO,PARDA,MÚSICO
2020,VITÓRIA DA CONQUISTA,VEREADOR,28888,28,PRTB,VITÓRIA DA CONQUISTA,43,MASCULINO,ENSINO MÉDIO COMPLETO,PARDA,AGENTE DE SAÚDE E SANITARISTA
2020,VITÓRIA DA CONQUISTA,VEREADOR,25111,25,DEM,VITÓRIA DA CONQUISTA,57,MASCULINO,ENSINO FUNDAMENTAL INCOMPLETO,PARDA,TRABALHADOR RURAL
2020,VITÓRIA DA CONQUISTA,VEREADOR,14000,14,PTB,VITÓRIA DA CONQUISTA,59,MASCULINO,ENSINO MÉDIO COMPLETO,PRETA,POLICIAL MILITAR
2020,VITÓRIA DA CONQUISTA,VEREADOR,40125,40,PSB,JABOATÃO DOS GUARARAPES,50,MASCULINO,SUPERIOR COMPLETO,BRANCA,SACERDOTE OU MEMBRO DE ORDEM OU SEITA RELIGIOSA
2020,VITÓRIA DA CONQUISTA,VEREADOR,25126,25,DEM,VITÓRIA DA CONQUISTA,49,MASCULINO,ENSINO MÉDIO COMPLETO,PARDA,MOTORISTA DE VEÍCULOS DE TRANSPORTE COLETIVO DE PASSAGEIROS
2020,VITÓRIA DA CONQUISTA,VEREADOR,25333,25,DEM,VITÓRIA DA CONQUISTA,25,MASCULINO,ENSINO MÉDIO COMPLETO,PARDA,OUTROS
2020,VITÓRIA DA CONQUISTA,VEREADOR,11525,11,PP,VITÓRIA DA CONQUISTA,48,FEMININO,SUPERIOR COMPLETO,BRANCA,ADMINISTRADOR
2020,VITÓRIA DA CONQUISTA,VEREADOR,51501,51,PATRIOTA,ITORORÓ,25,MASCULINO,ENSINO FUNDAMENTAL INCOMPLETO,PARDA,EMPRESÁRIO
2020,VITÓRIA DA CONQUISTA,VEREADOR,36234,36,PTC,CARAZINHO,55,MASCULINO,ENSINO FUNDAMENTAL COMPLETO,PARDA,OUTROS
2020,VITÓRIA DA CONQUISTA,VEREADOR,51123,51,PATRIOTA,VITÓRIA DA CONQUISTA,50,MASCULINO,ENSINO FUNDAMENTAL COMPLETO,PARDA,OUTROS
2020,VITÓRIA DA CONQUISTA,VEREADOR,11200,11,PP,VITÓRIA DA CONQUISTA,55,MASCULINO,ENSINO FUNDAMENTAL COMPLETO,PARDA,COZINHEIRO
2020,VITÓRIA DA CONQUISTA,VEREADOR,70144,70,AVANTE,DIVISÓPOLIS,33,FEMININO,ENSINO FUNDAMENTAL INCOMPLETO,PARDA,CANTOR E COMPOSITOR
2020,VITÓRIA DA CONQUISTA,VEREADOR,25444,25,DEM,VITÓRIA DA CONQUISTA,45,FEMININO,SUPERIOR COMPLETO,PARDA,ADVOGADO
2020,VITÓRIA DA CONQUISTA,VEREADOR,50050,50,PSOL,CAMACÃ,64,MASCULINO,ENSINO MÉDIO COMPLETO,PARDA,AGRICULTOR
2020,VITÓRIA DA CONQUISTA,VEREADOR,70234,70,AVANTE,VITÓRIA DA CONQUISTA,25,FEMININO,SUPERIOR INCOMPLETO,PARDA,OUTROS
2020,VITÓRIA DA CONQUISTA,VEREADOR,28999,28,PRTB,VITÓRIA DA CONQUISTA,46,MASCULINO,ENSINO FUNDAMENTAL INCOMPLETO,BRANCA,EMPRESÁRIO
2020,VITÓRIA DA CONQUISTA,VEREADOR,19007,19,PODE,VITÓRIA DA CONQUISTA,32,FEMININO,ENSINO MÉDIO COMPLETO,PARDA,OUTROS
2020,VITÓRIA DA CONQUISTA,VEREADOR,11258,11,PP,VITÓRIA DA CONQUISTA,38,MASCULINO,SUPERIOR INCOMPLETO,PRETA,OUTROS
2020,VITÓRIA DA CONQUISTA,VEREADOR,20162,20,PSC,VITÓRIA DA CONQUISTA,58,FEMININO,ENSINO MÉDIO INCOMPLETO,SEM INFORMAÇÃO,SACERDOTE OU MEMBRO DE ORDEM OU SEITA RELIGIOSA
2020,VITÓRIA DA CONQUISTA,VEREADOR,25521,25,DEM,VITÓRIA DA CONQUISTA,32,FEMININO,ENSINO FUNDAMENTAL INCOMPLETO,PARDA,CABELEIREIRO E BARBEIRO
2020,VITÓRIA DA CONQUISTA,VEREADOR,25222,25,DEM,ENCRUZILHADA,39,MASCULINO,ENSINO FUNDAMENTAL INCOMPLETO,PARDA,ADMINISTRADOR
2020,VITÓRIA DA CONQUISTA,VEREADOR,36100,36,PTC,VITÓRIA DA CONQUISTA,21,MASCULINO,ENSINO MÉDIO COMPLETO,PARDA,OPERADOR DE APARELHOS DE PRODUÇÃO INDUSTRIAL
2020,VITÓRIA DA CONQUISTA,VEREADOR,13800,13,PT,JEQUIÉ,53,MASCULINO,SUPERIOR INCOMPLETO,PARDA,PRODUTOR DE ESPETÁCULOS PÚBLICOS
2020,VITÓRIA DA CONQUISTA,VEREADOR,11000,11,PP,CORDEIROS,56,MASCULINO,ENSINO MÉDIO COMPLETO,PARDA,REPRESENTANTE COMERCIAL
2020,VITÓRIA DA CONQUISTA,VEREADOR,15789,15,MDB,ITAPETINGA,50,MASCULINO,ENSINO MÉDIO COMPLETO,PARDA,VEREADOR
2020,VITÓRIA DA CONQUISTA,VEREADOR,14111,14,PTB,OEIRAS,51,FEMININO,ENSINO FUNDAMENTAL INCOMPLETO,PARDA,SERVIDOR PÚBLICO MUNICIPAL
2020,VITÓRIA DA CONQUISTA,VEREADOR,11180,11,PP,ITAPETINGA,48,MASCULINO,ENSINO MÉDIO COMPLETO,PRETA,OUTROS
2020,VITÓRIA DA CONQUISTA,VEREADOR,65420,65,PC do B,ITAPETINGA,41,MASCULINO,SUPERIOR INCOMPLETO,BRANCA,MÚSICO
2020,VITÓRIA DA CONQUISTA,VEREADOR,51234,51,PATRIOTA,VITÓRIA DA CONQUISTA,42,MASCULINO,SUPERIOR COMPLETO,PRETA,OUTROS
2020,VITÓRIA DA CONQUISTA,VEREADOR,13523,13,PT,VITÓRIA DA CONQUISTA,38,FEMININO,SUPERIOR COMPLETO,PRETA,PEDAGOGO
2020,VITÓRIA DA CONQUISTA,VEREADOR,22789,22,PL,VITÓRIA DA CONQUISTA,44,MASCULINO,ENSINO MÉDIO COMPLETO,PARDA,OUTROS
2020,VITÓRIA DA CONQUISTA,VEREADOR,40555,40,PSB,VITÓRIA DA CONQUISTA,59,MASCULINO,ENSINO MÉDIO COMPLETO,BRANCA,MOTORISTA PARTICULAR
2020,VITÓRIA DA CONQUISTA,VEREADOR,70222,70,AVANTE,VITÓRIA DA CONQUISTA,49,MASCULINO,LÊ E ESCREVE,PARDA,COMERCIANTE
2020,VITÓRIA DA CONQUISTA,VEREADOR,15115,15,MDB,BRUMADO,74,MASCULINO,ENSINO FUNDAMENTAL COMPLETO,BRANCA,COMERCIANTE
2020,VITÓRIA DA CONQUISTA,VEREADOR,20016,20,PSC,VITÓRIA DA CONQUISTA,55,FEMININO,ENSINO MÉDIO INCOMPLETO,BRANCA,OUTROS
2020,VITÓRIA DA CONQUISTA,VEREADOR,36922,36,PTC,SÃO PAULO,26,FEMININO,ENSINO MÉDIO COMPLETO,BRANCA,OUTROS
2020,VITÓRIA DA CONQUISTA,VEREADOR,65323,65,PC do B,IBICARAÍ,43,MASCULINO,ENSINO FUNDAMENTAL INCOMPLETO,PRETA,OUTROS
2020,VITÓRIA DA CONQUISTA,VEREADOR,20258,20,PSC,ARATACA,62,MASCULINO,ENSINO FUNDAMENTAL INCOMPLETO,SEM INFORMAÇÃO,"VENDEDOR PRACISTA, REPRESENTANTE, CAIXEIRO-VIAJANTE E ASSEMELHADOS"
2020,VITÓRIA DA CONQUISTA,VEREADOR,65500,65,PC do B,VITÓRIA DA CONQUISTA,30,FEMININO,ENSINO MÉDIO COMPLETO,BRANCA,OUTROS
2020,VITÓRIA DA CONQUISTA,VEREADOR,15140,15,MDB,VITÓRIA DA CONQUISTA,61,MASCULINO,ENSINO MÉDIO INCOMPLETO,PARDA,VEREADOR
2020,VITÓRIA DA CONQUISTA,VEREADOR,13555,13,PT,VITÓRIA DA CONQUISTA,62,FEMININO,SUPERIOR COMPLETO,BRANCA,SERVIDOR PÚBLICO MUNICIPAL
2020,VITÓRIA DA CONQUISTA,VEREADOR,65192,65,PC do B,ITARANTIM,44,MASCULINO,SUPERIOR COMPLETO,PRETA,GEÓGRAFO
2020,VITÓRIA DA CONQUISTA,VEREADOR,36777,36,PTC,PRADO,64,FEMININO,ENSINO FUNDAMENTAL INCOMPLETO,PARDA,DONA DE CASA
2020,VITÓRIA DA CONQUISTA,VEREADOR,45045,45,PSDB,SANTA LUZIA,56,MASCULINO,SUPERIOR INCOMPLETO,BRANCA,EMPRESÁRIO
2020,VITÓRIA DA CONQUISTA,VEREADOR,45600,45,PSDB,POÇÕES,56,MASCULINO,ENSINO MÉDIO COMPLETO,PARDA,MOTOBOY
2020,VITÓRIA DA CONQUISTA,VEREADOR,36012,36,PTC,VITÓRIA DA CONQUISTA,42,FEMININO,ENSINO FUNDAMENTAL INCOMPLETO,PARDA,COMERCIANTE
2020,VITÓRIA DA CONQUISTA,VEREADOR,11113,11,PP,MACARANI,66,MASCULINO,ENSINO FUNDAMENTAL COMPLETO,PARDA,EMPRESÁRIO
2020,VITÓRIA DA CONQUISTA,VEREADOR,19133,19,PODE,CÂNDIDO SALES,53,MASCULINO,ENSINO FUNDAMENTAL INCOMPLETO,PARDA,COMERCIANTE
2020,VITÓRIA DA CONQUISTA,VEREADOR,13130,13,PT,ITABUNA,62,MASCULINO,ENSINO FUNDAMENTAL COMPLETO,BRANCA,MOTORISTA DE VEÍCULOS DE TRANSPORTE COLETIVO DE PASSAGEIROS
2020,VITÓRIA DA CONQUISTA,VEREADOR,20999,20,PSC,VITÓRIA DA CONQUISTA,48,MASCULINO,ENSINO MÉDIO COMPLETO,BRANCA,SERVIDOR PÚBLICO MUNICIPAL
2020,VITÓRIA DA CONQUISTA,VEREADOR,55999,55,PSD,VITÓRIA DA CONQUISTA,49,MASCULINO,ENSINO FUNDAMENTAL INCOMPLETO,PARDA,PUBLICITÁRIO
2020,VITÓRIA DA CONQUISTA,VEREADOR,14789,14,PTB,VITÓRIA DA CONQUISTA,44,MASCULINO,ENSINO MÉDIO COMPLETO,PARDA,EMPRESÁRIO
2020,VITÓRIA DA CONQUISTA,VEREADOR,13111,13,PT,POÇÕES,41,MASCULINO,SUPERIOR COMPLETO,PARDA,VEREADOR
2020,VITÓRIA DA CONQUISTA,VEREADOR,70666,70,AVANTE,JAGUAQUARA,62,MASCULINO,ENSINO MÉDIO COMPLETO,BRANCA,LOCUTOR E COMENTARISTA DE RÁDIO E TELEVISÃO E RADIALISTA
2020,VITÓRIA DA CONQUISTA,VEREADOR,70003,70,AVANTE,VITÓRIA DA CONQUISTA,53,MASCULINO,SUPERIOR COMPLETO,BRANCA,PROTÉTICO
2020,VITÓRIA DA CONQUISTA,VEREADOR,15444,15,MDB,VITÓRIA DA CONQUISTA,24,FEMININO,SUPERIOR INCOMPLETO,PARDA,"ESTUDANTE, BOLSISTA, ESTAGIÁRIO E ASSEMELHADOS"
2020,VITÓRIA DA CONQUISTA,VEREADOR,51444,51,PATRIOTA,VITÓRIA DA CONQUISTA,49,MASCULINO,LÊ E ESCREVE,PARDA,OUTROS
2020,VITÓRIA DA CONQUISTA,VEREADOR,10006,10,REPUBLICANOS,VITÓRIA DA CONQUISTA,34,MASCULINO,SUPERIOR INCOMPLETO,PRETA,OUTROS
2020,VITÓRIA DA CONQUISTA,VEREADOR,55777,55,PSD,VITÓRIA DA CONQUISTA,45,MASCULINO,ENSINO MÉDIO INCOMPLETO,BRANCA,COMERCIANTE
2020,VITÓRIA DA CONQUISTA,VEREADOR,70051,70,AVANTE,VITÓRIA DA CONQUISTA,52,MASCULINO,ENSINO FUNDAMENTAL COMPLETO,PARDA,EMPRESÁRIO
2020,VITÓRIA DA CONQUISTA,VEREADOR,20022,20,PSC,BOA NOVA,44,MASCULINO,ENSINO MÉDIO COMPLETO,SEM INFORMAÇÃO,VEREADOR
2020,VITÓRIA DA CONQUISTA,VEREADOR,19022,19,PODE,ITAPETINGA,35,MASCULINO,SUPERIOR COMPLETO,PARDA,OUTROS
2020,VITÓRIA DA CONQUISTA,VEREADOR,19366,19,PODE,VITÓRIA DA CONQUISTA,38,FEMININO,ENSINO MÉDIO COMPLETO,BRANCA,TÉCNICO DE ENFERMAGEM E ASSEMELHADOS (EXCETO ENFERMEIRO)
2020,VITÓRIA DA CONQUISTA,VEREADOR,70020,70,AVANTE,SÃO PAULO,41,MASCULINO,ENSINO MÉDIO COMPLETO,PARDA,MOTORISTA DE VEÍCULOS DE TRANSPORTE COLETIVO DE PASSAGEIROS
2020,VITÓRIA DA CONQUISTA,VEREADOR,36001,36,PTC,VITÓRIA DA CONQUISTA,61,MASCULINO,ENSINO FUNDAMENTAL INCOMPLETO,PARDA,APOSENTADO (EXCETO SERVIDOR PÚBLICO)
2020,VITÓRIA DA CONQUISTA,VEREADOR,28155,28,PRTB,CAATIBA,39,MASCULINO,ENSINO MÉDIO COMPLETO,PARDA,COMERCIANTE
2020,VITÓRIA DA CONQUISTA,VEREADOR,22777,22,PL,VITÓRIA DA CONQUISTA,41,MASCULINO,ENSINO FUNDAMENTAL COMPLETO,PARDA,OUTROS
2020,VITÓRIA DA CONQUISTA,VEREADOR,20811,20,PSC,NANUQUE,60,FEMININO,ENSINO MÉDIO INCOMPLETO,SEM INFORMAÇÃO,VENDEDOR DE COMÉRCIO VAREJISTA E ATACADISTA
2020,VITÓRIA DA CONQUISTA,VEREADOR,11456,11,PP,IBICARAÍ,40,FEMININO,ENSINO FUNDAMENTAL INCOMPLETO,PARDA,COMERCIANTE
2020,VITÓRIA DA CONQUISTA,VEREADOR,22100,22,PL,SÃO PAULO,31,MASCULINO,ENSINO MÉDIO COMPLETO,PARDA,OUTROS
2020,VITÓRIA DA CONQUISTA,VEREADOR,10020,10,REPUBLICANOS,BARRA DO CHOÇA,47,FEMININO,SUPERIOR COMPLETO,PARDA,DIRETOR DE ESTABELECIMENTO DE ENSINO
2020,VITÓRIA DA CONQUISTA,VEREADOR,10444,10,REPUBLICANOS,AIUABA,32,MASCULINO,ENSINO FUNDAMENTAL INCOMPLETO,PARDA,OUTROS
2020,VITÓRIA DA CONQUISTA,VICE-PREFEITO,13,13,PT,CANAVIEIRAS,39,FEMININO,SUPERIOR COMPLETO,BRANCA,JORNALISTA E REDATOR
2020,VITÓRIA DA CONQUISTA,VEREADOR,10230,10,REPUBLICANOS,ITAMBÉ,67,MASCULINO,ENSINO FUNDAMENTAL INCOMPLETO,PARDA,OUTROS
2020,VITÓRIA DA CONQUISTA,VEREADOR,36321,36,PTC,VITÓRIA DA CONQUISTA,48,MASCULINO,SUPERIOR COMPLETO,PARDA,PROFESSOR DE ENSINO FUNDAMENTAL
2020,VITÓRIA DA CONQUISTA,VEREADOR,22192,22,PL,VITÓRIA DA CONQUISTA,45,MASCULINO,ENSINO FUNDAMENTAL COMPLETO,PARDA,OUTROS
2020,VITÓRIA DA CONQUISTA,VEREADOR,25555,25,DEM,VITÓRIA DA CONQUISTA,49,FEMININO,SUPERIOR COMPLETO,PARDA,TÉCNICO DE ENFERMAGEM E ASSEMELHADOS (EXCETO ENFERMEIRO)
2020,VITÓRIA DA CONQUISTA,VEREADOR,70333,70,AVANTE,VITÓRIA DA CONQUISTA,33,MASCULINO,ENSINO MÉDIO COMPLETO,PARDA,OUTROS
2020,VITÓRIA DA CONQUISTA,VEREADOR,22891,22,PL,VITÓRIA DA CONQUISTA,24,FEMININO,ENSINO MÉDIO COMPLETO,PARDA,OUTROS
2020,VITÓRIA DA CONQUISTA,VEREADOR,20888,20,PSC,VITÓRIA DA CONQUISTA,43,MASCULINO,ENSINO FUNDAMENTAL COMPLETO,BRANCA,OUTROS
2020,VITÓRIA DA CONQUISTA,VEREADOR,51151,51,PATRIOTA,VITÓRIA DA CONQUISTA,40,FEMININO,ENSINO MÉDIO COMPLETO,PRETA,AGENTE DE SAÚDE E SANITARISTA
2020,VITÓRIA DA CONQUISTA,VEREADOR,28028,28,PRTB,ITARANTIM,65,MASCULINO,SUPERIOR COMPLETO,BRANCA,APOSENTADO (EXCETO SERVIDOR PÚBLICO)
2020,VITÓRIA DA CONQUISTA,VEREADOR,40000,40,PSB,SÃO MIGUEL DAS MATAS,50,MASCULINO,ENSINO MÉDIO COMPLETO,BRANCA,OUTROS
2020,VITÓRIA DA CONQUISTA,PREFEITO,18,18,REDE,JOÃO MONLEVADE,52,FEMININO,SUPERIOR COMPLETO,PARDA,OUTROS
2020,VITÓRIA DA CONQUISTA,VEREADOR,14273,14,PTB,VITÓRIA DA CONQUISTA,29,MASCULINO,SUPERIOR INCOMPLETO,PARDA,COMERCIANTE
2020,VITÓRIA DA CONQUISTA,VEREADOR,51122,51,PATRIOTA,VITÓRIA DA CONQUISTA,56,MASCULINO,ENSINO MÉDIO INCOMPLETO,BRANCA,COMERCIANTE
2020,VITÓRIA DA CONQUISTA,VEREADOR,11500,11,PP,VITÓRIA DA CONQUISTA,37,MASCULINO,SUPERIOR COMPLETO,BRANCA,PECUARISTA
2020,VITÓRIA DA CONQUISTA,VEREADOR,15065,15,MDB,VITÓRIA DA CONQUISTA,37,FEMININO,SUPERIOR COMPLETO,PARDA,PSICÓLOGO
2020,VITÓRIA DA CONQUISTA,VEREADOR,15101,15,MDB,VITÓRIA DA CONQUISTA,42,FEMININO,SUPERIOR COMPLETO,BRANCA,OUTROS
2020,VITÓRIA DA CONQUISTA,VEREADOR,25321,25,DEM,VITÓRIA DA CONQUISTA,43,FEMININO,ENSINO FUNDAMENTAL INCOMPLETO,PARDA,OUTROS
2020,VITÓRIA DA CONQUISTA,VEREADOR,22102,22,PL,VITÓRIA DA CONQUISTA,42,MASCULINO,ENSINO FUNDAMENTAL COMPLETO,PARDA,OUTROS
2020,VITÓRIA DA CONQUISTA,VEREADOR,40140,40,PSB,VITÓRIA DA CONQUISTA,36,FEMININO,ENSINO MÉDIO COMPLETO,BRANCA,VENDEDOR DE COMÉRCIO VAREJISTA E ATACADISTA
2020,VITÓRIA DA CONQUISTA,VEREADOR,19456,19,PODE,ARACAJU,66,FEMININO,ENSINO MÉDIO COMPLETO,PARDA,TELEFONISTA
2020,VITÓRIA DA CONQUISTA,VICE-PREFEITO,17,17,PSL,VITÓRIA DA CONQUISTA,36,MASCULINO,LÊ E ESCREVE,BRANCA,OUTROS
2020,VITÓRIA DA CONQUISTA,VEREADOR,10166,10,REPUBLICANOS,VERA CRUZ,43,MASCULINO,SUPERIOR COMPLETO,PARDA,ADMINISTRADOR
2020,VITÓRIA DA CONQUISTA,VEREADOR,14200,14,PTB,VITÓRIA DA CONQUISTA,35,FEMININO,ENSINO FUNDAMENTAL INCOMPLETO,PARDA,CABELEIREIRO E BARBEIRO
2020,VITÓRIA DA CONQUISTA,VEREADOR,45989,45,PSDB,MARACÁS,62,MASCULINO,ENSINO MÉDIO COMPLETO,PARDA,COMERCIANTE
2020,VITÓRIA DA CONQUISTA,VEREADOR,20757,20,PSC,VITÓRIA DA CONQUISTA,43,MASCULINO,SUPERIOR COMPLETO,SEM INFORMAÇÃO,TÉCNICO EM AGRONOMIA E AGRIMENSURA
2020,VITÓRIA DA CONQUISTA,VICE-PREFEITO,28,28,PRTB,TAUÁ,45,FEMININO,SUPERIOR COMPLETO,BRANCA,ASSISTENTE SOCIAL
2020,VITÓRIA DA CONQUISTA,VEREADOR,65300,65,PC do B,IBIÚNA,26,MASCULINO,ENSINO FUNDAMENTAL COMPLETO,BRANCA,OUTROS
2020,VITÓRIA DA CONQUISTA,VEREADOR,20011,20,PSC,VITÓRIA DA CONQUISTA,44,FEMININO,ENSINO MÉDIO COMPLETO,SEM INFORMAÇÃO,REPRESENTANTE COMERCIAL
2020,VITÓRIA DA CONQUISTA,VEREADOR,11700,11,PP,VITÓRIA DA CONQUISTA,48,FEMININO,ENSINO MÉDIO COMPLETO,PARDA,OUTROS
2020,VITÓRIA DA CONQUISTA,VEREADOR,19338,19,PODE,VITÓRIA DA CONQUISTA,34,FEMININO,ENSINO MÉDIO COMPLETO,PARDA,OUTROS
2020,VITÓRIA DA CONQUISTA,VEREADOR,15888,15,MDB,AQUIDABÃ,67,FEMININO,ENSINO FUNDAMENTAL COMPLETO,PARDA,VEREADOR
2020,VITÓRIA DA CONQUISTA,VEREADOR,20015,20,PSC,ITARANTIM,44,FEMININO,ENSINO FUNDAMENTAL INCOMPLETO,SEM INFORMAÇÃO,DONA DE CASA
2020,VITÓRIA DA CONQUISTA,VEREADOR,14444,14,PTB,MACARANI,77,MASCULINO,ENSINO FUNDAMENTAL COMPLETO,PARDA,MECÂNICO DE MANUTENÇÃO
2020,VITÓRIA DA CONQUISTA,VEREADOR,11789,11,PP,VITÓRIA DA CONQUISTA,53,MASCULINO,ENSINO MÉDIO COMPLETO,PARDA,COMERCIANTE
2020,VITÓRIA DA CONQUISTA,VEREADOR,28181,28,PRTB,VITÓRIA DA CONQUISTA,39,MASCULINO,ENSINO MÉDIO INCOMPLETO,PRETA,MOTORISTA DE VEÍCULOS DE TRANSPORTE COLETIVO DE PASSAGEIROS
2020,VITÓRIA DA CONQUISTA,VEREADOR,15666,15,MDB,VITÓRIA DA CONQUISTA,52,MASCULINO,ENSINO FUNDAMENTAL COMPLETO,BRANCA,VEREADOR
2020,VITÓRIA DA CONQUISTA,VEREADOR,36544,36,PTC,VITÓRIA DA CONQUISTA,54,MASCULINO,ENSINO FUNDAMENTAL INCOMPLETO,PARDA,OUTROS
2020,VITÓRIA DA CONQUISTA,VEREADOR,20000,20,PSC,IBICARAÍ,53,MASCULINO,ENSINO MÉDIO COMPLETO,SEM INFORMAÇÃO,LOCUTOR E COMENTARISTA DE RÁDIO E TELEVISÃO E RADIALISTA
2020,VITÓRIA DA CONQUISTA,VEREADOR,19321,19,PODE,VITÓRIA DA CONQUISTA,32,MASCULINO,ENSINO MÉDIO COMPLETO,PARDA,SERVIDOR PÚBLICO MUNICIPAL
2020,VITÓRIA DA CONQUISTA,VEREADOR,11999,11,PP,VITÓRIA DA CONQUISTA,55,MASCULINO,ENSINO MÉDIO COMPLETO,BRANCA,PUBLICITÁRIO
2020,VITÓRIA DA CONQUISTA,VEREADOR,20777,20,PSC,JORDÂNIA,40,MASCULINO,ENSINO MÉDIO INCOMPLETO,SEM INFORMAÇÃO,TRABALHADOR DE CONSTRUÇÃO CIVIL
2020,VITÓRIA DA CONQUISTA,VEREADOR,20222,20,PSC,VITÓRIA DA CONQUISTA,27,MASCULINO,ENSINO MÉDIO COMPLETO,SEM INFORMAÇÃO,EMPRESÁRIO
2020,VITÓRIA DA CONQUISTA,VEREADOR,22999,22,PL,VITÓRIA DA CONQUISTA,49,FEMININO,ENSINO MÉDIO COMPLETO,PARDA,OUTROS
2020,VITÓRIA DA CONQUISTA,VEREADOR,13131,13,PT,ENCRUZILHADA,55,MASCULINO,ENSINO MÉDIO COMPLETO,PARDA,MÚSICO
2020,VITÓRIA DA CONQUISTA,VEREADOR,28123,28,PRTB,VALENÇA,24,MASCULINO,ENSINO MÉDIO COMPLETO,PARDA,OUTROS
2020,VITÓRIA DA CONQUISTA,PREFEITO,11,11,PP,SÃO PAULO,53,MASCULINO,SUPERIOR INCOMPLETO,BRANCA,EMPRESÁRIO
2020,VITÓRIA DA CONQUISTA,VEREADOR,65900,65,PC do B,VITÓRIA DA CONQUISTA,46,FEMININO,ENSINO FUNDAMENTAL COMPLETO,PRETA,OUTROS
2020,VITÓRIA DA CONQUISTA,VEREADOR,19111,19,PODE,VITÓRIA DA CONQUISTA,38,MASCULINO,ENSINO MÉDIO INCOMPLETO,PARDA,COMERCIANTE
2020,VITÓRIA DA CONQUISTA,VEREADOR,65000,65,PC do B,VITÓRIA DA CONQUISTA,59,MASCULINO,ENSINO MÉDIO COMPLETO,BRANCA,OUTROS
2020,VITÓRIA DA CONQUISTA,VEREADOR,13123,13,PT,ANAGÉ,52,MASCULINO,SUPERIOR COMPLETO,PRETA,SERVIDOR PÚBLICO MUNICIPAL
2020,VITÓRIA DA CONQUISTA,VEREADOR,15135,15,MDB,ALAGOINHAS,62,FEMININO,SUPERIOR INCOMPLETO,PARDA,OUTROS
2020,VITÓRIA DA CONQUISTA,VEREADOR,11515,11,PP,VITÓRIA DA CONQUISTA,41,FEMININO,ENSINO MÉDIO COMPLETO,BRANCA,OUTROS
2020,VITÓRIA DA CONQUISTA,VEREADOR,18444,18,REDE,VITÓRIA DA CONQUISTA,25,MASCULINO,SUPERIOR INCOMPLETO,PARDA,"ESTUDANTE, BOLSISTA, ESTAGIÁRIO E ASSEMELHADOS"
2020,VITÓRIA DA CONQUISTA,VEREADOR,20023,20,PSC,VITÓRIA DA CONQUISTA,36,FEMININO,ENSINO MÉDIO COMPLETO,SEM INFORMAÇÃO,VENDEDOR DE COMÉRCIO VAREJISTA E ATACADISTA
2020,VITÓRIA DA CONQUISTA,VEREADOR,65234,65,PC do B,ITAPITANGA,59,MASCULINO,ENSINO MÉDIO COMPLETO,BRANCA,SERVIDOR PÚBLICO MUNICIPAL
2020,VITÓRIA DA CONQUISTA,VEREADOR,36756,36,PTC,VITÓRIA DA CONQUISTA,50,FEMININO,ENSINO MÉDIO COMPLETO,BRANCA,"CORRETOR DE IMÓVEIS, SEGUROS, TÍTULOS E VALORES"
2020,VITÓRIA DA CONQUISTA,VEREADOR,13500,13,PT,ILHÉUS,31,MASCULINO,SUPERIOR COMPLETO,BRANCA,ADVOGADO
2020,VITÓRIA DA CONQUISTA,VEREADOR,28111,28,PRTB,VITÓRIA DA CONQUISTA,40,MASCULINO,ENSINO MÉDIO COMPLETO,PARDA,CABELEIREIRO E BARBEIRO
2020,VITÓRIA DA CONQUISTA,VICE-PREFEITO,15,25,DEM,VITÓRIA DA CONQUISTA,48,FEMININO,SUPERIOR COMPLETO,PARDA,EMPRESÁRIO
2020,VITÓRIA DA CONQUISTA,VEREADOR,45192,45,PSDB,VITÓRIA DA CONQUISTA,59,MASCULINO,ENSINO FUNDAMENTAL COMPLETO,BRANCA,MOTORISTA PARTICULAR
2020,VITÓRIA DA CONQUISTA,VEREADOR,19258,19,PODE,IBICUÍ,75,MASCULINO,ENSINO MÉDIO COMPLETO,BRANCA,APOSENTADO (EXCETO SERVIDOR PÚBLICO)
2020,VITÓRIA DA CONQUISTA,VEREADOR,36789,36,PTC,VITÓRIA DA CONQUISTA,45,MASCULINO,ENSINO MÉDIO COMPLETO,PARDA,EMPRESÁRIO
2020,VITÓRIA DA CONQUISTA,VEREADOR,65113,65,PC do B,BRUMADO,38,FEMININO,ENSINO MÉDIO COMPLETO,BRANCA,TÉCNICO DE ENFERMAGEM E ASSEMELHADOS (EXCETO ENFERMEIRO)
2020,VITÓRIA DA CONQUISTA,VEREADOR,25250,25,DEM,VITÓRIA DA CONQUISTA,54,MASCULINO,ENSINO FUNDAMENTAL INCOMPLETO,PARDA,OUTROS
2020,VITÓRIA DA CONQUISTA,VEREADOR,51051,51,PATRIOTA,SÃO PAULO,55,FEMININO,ENSINO MÉDIO COMPLETO,BRANCA,DECORADOR
2020,VITÓRIA DA CONQUISTA,VEREADOR,20172,20,PSC,VITÓRIA DA CONQUISTA,36,MASCULINO,ENSINO FUNDAMENTAL COMPLETO,SEM INFORMAÇÃO,OUTROS
2020,VITÓRIA DA CONQUISTA,VEREADOR,22179,22,PL,VITÓRIA DA CONQUISTA,41,MASCULINO,ENSINO FUNDAMENTAL COMPLETO,PARDA,OUTROS
2020,VITÓRIA DA CONQUISTA,VEREADOR,25456,25,DEM,VITÓRIA DA CONQUISTA,55,FEMININO,ENSINO FUNDAMENTAL INCOMPLETO,PARDA,OUTROS
2020,VITÓRIA DA CONQUISTA,VEREADOR,10234,10,REPUBLICANOS,ITIRUÇU,56,MASCULINO,ENSINO MÉDIO INCOMPLETO,PRETA,MECÂNICO DE MANUTENÇÃO
2020,VITÓRIA DA CONQUISTA,VEREADOR,14741,14,PTB,VITÓRIA DA CONQUISTA,65,FEMININO,ENSINO MÉDIO COMPLETO,PARDA,OUTROS
2020,VITÓRIA DA CONQUISTA,VEREADOR,22136,22,PL,VITÓRIA DA CONQUISTA,63,MASCULINO,ENSINO FUNDAMENTAL INCOMPLETO,PARDA,OUTROS
2020,VITÓRIA DA CONQUISTA,VEREADOR,19222,19,PODE,SALTO DA DIVISA,49,MASCULINO,ENSINO FUNDAMENTAL INCOMPLETO,PARDA,EMPRESÁRIO
2020,VITÓRIA DA CONQUISTA,VEREADOR,70123,70,AVANTE,TUCANO,51,MASCULINO,ENSINO FUNDAMENTAL INCOMPLETO,PRETA,COMERCIANTE
2020,VITÓRIA DA CONQUISTA,VEREADOR,40012,40,PSB,IBIQUERA,57,FEMININO,ENSINO MÉDIO COMPLETO,BRANCA,SERVIDOR PÚBLICO CIVIL APOSENTADO
2020,VITÓRIA DA CONQUISTA,VEREADOR,36111,36,PTC,VITÓRIA DA CONQUISTA,44,FEMININO,SUPERIOR COMPLETO,PARDA,AGENTE DE SAÚDE E SANITARISTA
2020,VITÓRIA DA CONQUISTA,VEREADOR,45645,45,PSDB,BRUMADO,58,FEMININO,ENSINO MÉDIO COMPLETO,PARDA,OUTROS
2020,VITÓRIA DA CONQUISTA,VEREADOR,14222,14,PTB,CAATIBA,68,FEMININO,ENSINO FUNDAMENTAL COMPLETO,PARDA,OUTROS
2020,VITÓRIA DA CONQUISTA,VEREADOR,10202,10,REPUBLICANOS,IGUAÍ,36,FEMININO,ENSINO MÉDIO COMPLETO,PARDA,OUTROS
2020,VITÓRIA DA CONQUISTA,VEREADOR,36011,36,PTC,VITÓRIA DA CONQUISTA,23,FEMININO,ENSINO MÉDIO COMPLETO,BRANCA,CABELEIREIRO E BARBEIRO
2020,VITÓRIA DA CONQUISTA,VEREADOR,15123,15,MDB,POÇÕES,81,MASCULINO,ENSINO MÉDIO COMPLETO,BRANCA,VEREADOR
2020,VITÓRIA DA CONQUISTA,VEREADOR,19020,19,PODE,GANDU,69,MASCULINO,ENSINO MÉDIO COMPLETO,BRANCA,APOSENTADO (EXCETO SERVIDOR PÚBLICO)
2020,VITÓRIA DA CONQUISTA,VEREADOR,22300,22,PL,ANAGÉ,36,MASCULINO,ENSINO FUNDAMENTAL INCOMPLETO,PARDA,OUTROS
2020,VITÓRIA DA CONQUISTA,VEREADOR,45147,45,PSDB,VITÓRIA DA CONQUISTA,35,FEMININO,ENSINO MÉDIO COMPLETO,PARDA,OUTROS
2020,VITÓRIA DA CONQUISTA,VEREADOR,65555,65,PC do B,VITÓRIA DA CONQUISTA,41,MASCULINO,SUPERIOR COMPLETO,BRANCA,ADVOGADO
2020,VITÓRIA DA CONQUISTA,VEREADOR,45112,45,PSDB,VITÓRIA DA CONQUISTA,56,MASCULINO,SUPERIOR COMPLETO,BRANCA,MÉDICO
2020,VITÓRIA DA CONQUISTA,VEREADOR,19101,19,PODE,SÃO PAULO,54,MASCULINO,ENSINO FUNDAMENTAL COMPLETO,PARDA,COMERCIANTE
2020,VITÓRIA DA CONQUISTA,VEREADOR,11666,11,PP,VITÓRIA DA CONQUISTA,31,MASCULINO,ENSINO FUNDAMENTAL INCOMPLETO,PARDA,OUTROS
2020,VITÓRIA DA CONQUISTA,VEREADOR,15555,15,MDB,VITÓRIA DA CONQUISTA,67,MASCULINO,ENSINO MÉDIO COMPLETO,PARDA,VEREADOR
2020,VITÓRIA DA CONQUISTA,VEREADOR,25888,25,DEM,VITÓRIA DA CONQUISTA,51,MASCULINO,SUPERIOR COMPLETO,PARDA,COMERCIANTE
2020,VITÓRIA DA CONQUISTA,VEREADOR,40133,40,PSB,VITÓRIA DA CONQUISTA,47,MASCULINO,SUPERIOR COMPLETO,PARDA,ECONOMISTA
2020,VITÓRIA DA CONQUISTA,VICE-PREFEITO,50,50,PSOL,GUAJERU,33,MASCULINO,SUPERIOR COMPLETO,PARDA,PSICÓLOGO
2020,VITÓRIA DA CONQUISTA,VEREADOR,70705,70,AVANTE,VITÓRIA DA CONQUISTA,32,FEMININO,ENSINO MÉDIO COMPLETO,PARDA,VENDEDOR DE COMÉRCIO VAREJISTA E ATACADISTA
2020,VITÓRIA DA CONQUISTA,VEREADOR,36333,36,PTC,VITÓRIA DA CONQUISTA,47,MASCULINO,ENSINO FUNDAMENTAL INCOMPLETO,BRANCA,OUTROS
2020,VITÓRIA DA CONQUISTA,VEREADOR,70000,70,AVANTE,ITARANTIM,48,MASCULINO,ENSINO MÉDIO COMPLETO,PARDA,COMERCIANTE
2020,VITÓRIA DA CONQUISTA,VEREADOR,15333,15,MDB,VITÓRIA DA CONQUISTA,47,MASCULINO,ENSINO MÉDIO COMPLETO,PARDA,"CARPINTEIRO, MARCENEIRO E ASSEMELHADOS"
2020,VITÓRIA DA CONQUISTA,VEREADOR,36123,36,PTC,SÃO JOÃO DO RIO DO PEIXE,60,FEMININO,SUPERIOR COMPLETO,PARDA,ADVOGADO
2020,VITÓRIA DA CONQUISTA,VEREADOR,25025,25,DEM,VITÓRIA DA CONQUISTA,30,MASCULINO,ENSINO MÉDIO COMPLETO,PARDA,TÉCNICO EM INFORMÁTICA
2020,VITÓRIA DA CONQUISTA,VEREADOR,50152,50,PSOL,VITÓRIA DA CONQUISTA,47,FEMININO,ENSINO MÉDIO COMPLETO,BRANCA,DONA DE CASA
2020,VITÓRIA DA CONQUISTA,VEREADOR,45008,45,PSDB,VITÓRIA DA CONQUISTA,54,MASCULINO,SUPERIOR INCOMPLETO,PARDA,OUTROS
2020,VITÓRIA DA CONQUISTA,VEREADOR,45678,45,PSDB,VITÓRIA DA CONQUISTA,48,FEMININO,SUPERIOR INCOMPLETO,BRANCA,SECRETÁRIO E DATILÓGRAFO
2020,VITÓRIA DA CONQUISTA,VEREADOR,22111,22,PL,MACARANI,61,MASCULINO,ENSINO FUNDAMENTAL COMPLETO,PARDA,OUTROS
2020,VITÓRIA DA CONQUISTA,VEREADOR,15456,15,MDB,VITÓRIA DA CONQUISTA,46,MASCULINO,SUPERIOR COMPLETO,PARDA,SERVIDOR PÚBLICO MUNICIPAL
2020,VITÓRIA DA CONQUISTA,VEREADOR,36444,36,PTC,ENCRUZILHADA,52,MASCULINO,ENSINO MÉDIO COMPLETO,PARDA,OUTROS
2020,VITÓRIA DA CONQUISTA,VEREADOR,40333,40,PSB,VITÓRIA DA CONQUISTA,45,MASCULINO,SUPERIOR COMPLETO,PARDA,PROFESSOR DE ENSINO SUPERIOR
2020,VITÓRIA DA CONQUISTA,VEREADOR,25123,25,DEM,VITÓRIA DA CONQUISTA,42,MASCULINO,ENSINO MÉDIO COMPLETO,PARDA,OUTROS
2020,VITÓRIA DA CONQUISTA,VEREADOR,51333,51,PATRIOTA,VITÓRIA DA CONQUISTA,45,MASCULINO,ENSINO MÉDIO COMPLETO,PARDA,OUTROS
2020,VITÓRIA DA CONQUISTA,VEREADOR,28127,28,PRTB,JIQUIRIÇÁ,71,FEMININO,SUPERIOR COMPLETO,BRANCA,PROFESSOR DE ENSINO FUNDAMENTAL
2020,VITÓRIA DA CONQUISTA,VEREADOR,13000,13,PT,VITÓRIA DA CONQUISTA,60,MASCULINO,ENSINO MÉDIO COMPLETO,PARDA,AGRICULTOR
2020,VITÓRIA DA CONQUISTA,VEREADOR,15150,15,MDB,VITÓRIA DA CONQUISTA,21,MASCULINO,ENSINO MÉDIO INCOMPLETO,BRANCA,OUTROS
2020,VITÓRIA DA CONQUISTA,VEREADOR,45103,45,PSDB,SÃO PAULO,44,FEMININO,ENSINO MÉDIO COMPLETO,PRETA,TÉCNICO DE ENFERMAGEM E ASSEMELHADOS (EXCETO ENFERMEIRO)
2020,VITÓRIA DA CONQUISTA,VEREADOR,65654,65,PC do B,VITÓRIA DA CONQUISTA,27,FEMININO,SUPERIOR INCOMPLETO,PRETA,"ESTUDANTE, BOLSISTA, ESTAGIÁRIO E ASSEMELHADOS"
2020,VITÓRIA DA CONQUISTA,VEREADOR,36010,36,PTC,CAATIBA,58,FEMININO,ENSINO MÉDIO COMPLETO,BRANCA,OUTROS
2020,VITÓRIA DA CONQUISTA,VEREADOR,22261,22,PL,VITÓRIA DA CONQUISTA,34,MASCULINO,ENSINO MÉDIO COMPLETO,PARDA,OUTROS
2020,VITÓRIA DA CONQUISTA,VEREADOR,25999,25,DEM,VITÓRIA DA CONQUISTA,39,MASCULINO,ENSINO FUNDAMENTAL COMPLETO,PARDA,GERENTE
2020,VITÓRIA DA CONQUISTA,VEREADOR,51222,51,PATRIOTA,VITÓRIA DA CONQUISTA,61,MASCULINO,LÊ E ESCREVE,PARDA,COMERCIANTE
2020,VITÓRIA DA CONQUISTA,VEREADOR,13113,13,PT,SALVADOR,48,MASCULINO,SUPERIOR COMPLETO,BRANCA,PROFESSOR DE ENSINO MÉDIO
2020,VITÓRIA DA CONQUISTA,VEREADOR,13456,13,PT,VITÓRIA DA CONQUISTA,63,FEMININO,ENSINO FUNDAMENTAL INCOMPLETO,PRETA,APOSENTADO (EXCETO SERVIDOR PÚBLICO)
2020,VITÓRIA DA CONQUISTA,VEREADOR,14010,14,PTB,VITÓRIA DA CONQUISTA,49,MASCULINO,ENSINO MÉDIO COMPLETO,PARDA,OUTROS
2020,VITÓRIA DA CONQUISTA,VEREADOR,22022,22,PL,VITÓRIA DA CONQUISTA,64,MASCULINO,ENSINO FUNDAMENTAL COMPLETO,PARDA,OUTROS
2020,VITÓRIA DA CONQUISTA,VEREADOR,55111,55,PSD,VITÓRIA DA CONQUISTA,51,MASCULINO,ENSINO MÉDIO INCOMPLETO,BRANCA,AUXILIAR DE ESCRITÓRIO E ASSEMELHADOS
2020,VITÓRIA DA CONQUISTA,VEREADOR,51999,51,PATRIOTA,VITÓRIA DA CONQUISTA,48,MASCULINO,LÊ E ESCREVE,PARDA,OUTROS
2020,VITÓRIA DA CONQUISTA,VEREADOR,65789,65,PC do B,MEDEIROS NETO,48,MASCULINO,ENSINO MÉDIO COMPLETO,PARDA,OUTROS
2020,VITÓRIA DA CONQUISTA,VEREADOR,65888,65,PC do B,VITÓRIA DA CONQUISTA,52,MASCULINO,ENSINO FUNDAMENTAL INCOMPLETO,PRETA,TAXISTA
2020,VITÓRIA DA CONQUISTA,VEREADOR,15832,15,MDB,NOVA CANAÃ,61,MASCULINO,ENSINO MÉDIO COMPLETO,BRANCA,VENDEDOR DE COMÉRCIO VAREJISTA E ATACADISTA
2020,VITÓRIA DA CONQUISTA,VEREADOR,45777,45,PSDB,POTIRAGUÁ,69,MASCULINO,ENSINO MÉDIO INCOMPLETO,PARDA,REPRESENTANTE COMERCIAL
2020,VITÓRIA DA CONQUISTA,VEREADOR,50500,50,PSOL,LIVRAMENTO DE NOSSA SENHORA,48,MASCULINO,SUPERIOR COMPLETO,BRANCA,PROFESSOR DE ENSINO MÉDIO
2020,VITÓRIA DA CONQUISTA,VEREADOR,10110,10,REPUBLICANOS,ITORORÓ,61,MASCULINO,ENSINO MÉDIO COMPLETO,PARDA,MILITAR REFORMADO
2020,VITÓRIA DA CONQUISTA,VEREADOR,11011,11,PP,VITÓRIA DA CONQUISTA,45,MASCULINO,ENSINO MÉDIO COMPLETO,PARDA,GERENTE
2020,VITÓRIA DA CONQUISTA,VEREADOR,40540,40,PSB,IBICARAÍ,32,MASCULINO,ENSINO MÉDIO COMPLETO,PARDA,MONTADOR DE MÁQUINAS
2020,VITÓRIA DA CONQUISTA,VEREADOR,70522,70,AVANTE,VITÓRIA DA CONQUISTA,35,FEMININO,ENSINO FUNDAMENTAL INCOMPLETO,PARDA,DONA DE CASA
2020,VITÓRIA DA CONQUISTA,VEREADOR,70001,70,AVANTE,VITÓRIA DA CONQUISTA,47,MASCULINO,ENSINO MÉDIO COMPLETO,PARDA,OUTROS
2020,VITÓRIA DA CONQUISTA,VEREADOR,45100,45,PSDB,VITÓRIA DA CONQUISTA,55,MASCULINO,ENSINO MÉDIO COMPLETO,BRANCA,TÉCNICO EM INFORMÁTICA
2020,VITÓRIA DA CONQUISTA,VEREADOR,45888,45,PSDB,VITÓRIA DA CONQUISTA,37,MASCULINO,ENSINO FUNDAMENTAL INCOMPLETO,PARDA,VENDEDOR DE COMÉRCIO VAREJISTA E ATACADISTA
2020,VITÓRIA DA CONQUISTA,VEREADOR,40040,40,PSB,VITÓRIA DA CONQUISTA,48,MASCULINO,ENSINO MÉDIO COMPLETO,BRANCA,COMERCIANTE
2020,VITÓRIA DA CONQUISTA,VEREADOR,15999,15,MDB,VITÓRIA DA CONQUISTA,39,MASCULINO,SUPERIOR COMPLETO,PARDA,OUTROS
2020,VITÓRIA DA CONQUISTA,VEREADOR,11147,11,PP,POÇÕES,56,MASCULINO,ENSINO FUNDAMENTAL COMPLETO,PARDA,COMERCIANTE
2020,VITÓRIA DA CONQUISTA,VEREADOR,40120,40,PSB,VITÓRIA DA CONQUISTA,28,FEMININO,ENSINO MÉDIO COMPLETO,PARDA,VENDEDOR DE COMÉRCIO VAREJISTA E ATACADISTA
2020,VITÓRIA DA CONQUISTA,VEREADOR,11888,11,PP,VITÓRIA DA CONQUISTA,52,MASCULINO,ENSINO FUNDAMENTAL INCOMPLETO,PARDA,OUTROS
2020,VITÓRIA DA CONQUISTA,VEREADOR,11300,11,PP,ITAPORANGA,58,FEMININO,ENSINO FUNDAMENTAL INCOMPLETO,PARDA,OUTROS
2020,VITÓRIA DA CONQUISTA,VEREADOR,19021,19,PODE,SÃO PAULO,47,MASCULINO,ENSINO FUNDAMENTAL COMPLETO,PARDA,COMERCIANTE
2020,VITÓRIA DA CONQUISTA,VEREADOR,40113,40,PSB,VITÓRIA DA CONQUISTA,50,FEMININO,ENSINO FUNDAMENTAL INCOMPLETO,PRETA,SERVIDOR PÚBLICO MUNICIPAL
2020,VITÓRIA DA CONQUISTA,VEREADOR,20177,20,PSC,VITÓRIA DA CONQUISTA,38,FEMININO,ENSINO MÉDIO COMPLETO,SEM INFORMAÇÃO,DONA DE CASA
2020,VITÓRIA DA CONQUISTA,VEREADOR,45007,45,PSDB,VITÓRIA DA CONQUISTA,44,MASCULINO,ENSINO MÉDIO COMPLETO,PRETA,OUTROS
2020,VITÓRIA DA CONQUISTA,VEREADOR,15545,15,MDB,ENCRUZILHADA,38,FEMININO,ENSINO MÉDIO COMPLETO,PARDA,DONA DE CASA
2020,VITÓRIA DA CONQUISTA,PREFEITO,50,50,PSOL,VALENÇA DO PIAUÍ,57,MASCULINO,SUPERIOR COMPLETO,PRETA,PROFESSOR DE ENSINO SUPERIOR
2020,VITÓRIA DA CONQUISTA,VEREADOR,70112,70,AVANTE,ITARANTIM,48,MASCULINO,ENSINO MÉDIO COMPLETO,PARDA,COMERCIANTE
2020,VITÓRIA DA CONQUISTA,VEREADOR,40888,40,PSB,ANAGÉ,73,MASCULINO,ENSINO MÉDIO COMPLETO,PARDA,"VENDEDOR PRACISTA, REPRESENTANTE, CAIXEIRO-VIAJANTE E ASSEMELHADOS"
2020,VITÓRIA DA CONQUISTA,VEREADOR,10123,10,REPUBLICANOS,SÃO PAULO,60,MASCULINO,ENSINO FUNDAMENTAL COMPLETO,PARDA,VEREADOR
2020,VITÓRIA DA CONQUISTA,VEREADOR,36555,36,PTC,VITÓRIA DA CONQUISTA,58,MASCULINO,SUPERIOR COMPLETO,BRANCA,MÉDICO
2020,VITÓRIA DA CONQUISTA,PREFEITO,13,13,PT,POJUCA,70,MASCULINO,SUPERIOR COMPLETO,PARDA,PROFESSOR DE ENSINO SUPERIOR
2020,VITÓRIA DA CONQUISTA,VEREADOR,36888,36,PTC,GUANAMBI,48,MASCULINO,SUPERIOR COMPLETO,BRANCA,GERENTE
2020,VITÓRIA DA CONQUISTA,VEREADOR,40111,40,PSB,ILHÉUS,48,MASCULINO,SUPERIOR COMPLETO,PARDA,PROFESSOR DE ENSINO SUPERIOR
2020,VITÓRIA DA CONQUISTA,VEREADOR,36899,36,PTC,VITÓRIA DA CONQUISTA,64,MASCULINO,ENSINO MÉDIO COMPLETO,PARDA,COMERCIANTE
2020,VITÓRIA DA CONQUISTA,VEREADOR,20202,20,PSC,LAMARÃO,65,MASCULINO,ENSINO MÉDIO COMPLETO,SEM INFORMAÇÃO,MILITAR REFORMADO
2020,VITÓRIA DA CONQUISTA,VEREADOR,65369,65,PC do B,LAGARTO,59,MASCULINO,SUPERIOR COMPLETO,BRANCA,AGRÔNOMO
2020,VITÓRIA DA CONQUISTA,VEREADOR,22123,22,PL,VITÓRIA DA CONQUISTA,33,MASCULINO,ENSINO MÉDIO COMPLETO,PARDA,OUTROS
2020,VITÓRIA DA CONQUISTA,VEREADOR,19333,19,PODE,VITÓRIA DA CONQUISTA,28,FEMININO,ENSINO MÉDIO COMPLETO,PARDA,ARTESÃO
2020,VITÓRIA DA CONQUISTA,VEREADOR,10888,10,REPUBLICANOS,VITÓRIA DA CONQUISTA,48,FEMININO,ENSINO MÉDIO COMPLETO,BRANCA,COMERCIANTE
2020,VITÓRIA DA CONQUISTA,VEREADOR,13789,13,PT,SÃO PAULO,36,MASCULINO,SUPERIOR COMPLETO,PARDA,AUXILIAR DE ESCRITÓRIO E ASSEMELHADOS
2020,VITÓRIA DA CONQUISTA,VEREADOR,20771,20,PSC,VITÓRIA DA CONQUISTA,36,MASCULINO,ENSINO FUNDAMENTAL INCOMPLETO,SEM INFORMAÇÃO,"TÉCNICO DE ELETRICIDADE, ELETRÔNICA E TELECOMUNICAÇÕES"
2020,VITÓRIA DA CONQUISTA,VEREADOR,45150,45,PSDB,MAIQUINIQUE,46,MASCULINO,ENSINO FUNDAMENTAL COMPLETO,PARDA,EMPRESÁRIO
2020,VITÓRIA DA CONQUISTA,VEREADOR,40121,40,PSB,ITAQUARA,63,MASCULINO,ENSINO MÉDIO COMPLETO,PRETA,MILITAR REFORMADO
2020,VITÓRIA DA CONQUISTA,VEREADOR,28176,28,PRTB,VITÓRIA DA CONQUISTA,44,MASCULINO,SUPERIOR COMPLETO,PARDA,COBRADOR DE TRANSPORTE COLETIVO
2020,VITÓRIA DA CONQUISTA,VEREADOR,11234,11,PP,VITÓRIA DA CONQUISTA,44,MASCULINO,ENSINO MÉDIO COMPLETO,PARDA,MOTORISTA DE VEÍCULOS DE TRANSPORTE COLETIVO DE PASSAGEIROS
2020,VITÓRIA DA CONQUISTA,VEREADOR,25100,25,DEM,VITÓRIA DA CONQUISTA,39,MASCULINO,ENSINO FUNDAMENTAL INCOMPLETO,PARDA,OUTROS
2020,VITÓRIA DA CONQUISTA,VEREADOR,36360,36,PTC,VITÓRIA DA CONQUISTA,46,FEMININO,ENSINO MÉDIO COMPLETO,PRETA,AGENTE DE SAÚDE E SANITARISTA
2020,VITÓRIA DA CONQUISTA,VEREADOR,28810,28,PRTB,VITÓRIA DA CONQUISTA,41,FEMININO,ENSINO MÉDIO COMPLETO,BRANCA,OUTROS
2020,VITÓRIA DA CONQUISTA,VEREADOR,20555,20,PSC,JEQUIÉ,49,MASCULINO,SUPERIOR COMPLETO,SEM INFORMAÇÃO,POLICIAL MILITAR
2020,VITÓRIA DA CONQUISTA,VEREADOR,28555,28,PRTB,VITÓRIA DA CONQUISTA,31,MASCULINO,SUPERIOR COMPLETO,BRANCA,OUTROS
2020,VITÓRIA DA CONQUISTA,VEREADOR,13136,13,PT,VITÓRIA DA CONQUISTA,40,FEMININO,SUPERIOR COMPLETO,PARDA,PEDAGOGO
2020,VITÓRIA DA CONQUISTA,VEREADOR,22891,22,PL,VITÓRIA DA CONQUISTA,23,FEMININO,LÊ E ESCREVE,PARDA,OUTROS
2020,VITÓRIA DA CONQUISTA,VEREADOR,25015,25,DEM,VITÓRIA DA CONQUISTA,21,MASCULINO,ENSINO MÉDIO COMPLETO,PARDA,OUTROS
2020,VITÓRIA DA CONQUISTA,VEREADOR,45000,45,PSDB,VITÓRIA DA CONQUISTA,38,MASCULINO,ENSINO MÉDIO COMPLETO,PARDA,GARI OU LIXEIRO
2020,VITÓRIA DA CONQUISTA,VEREADOR,28456,28,PRTB,BARREIRAS,46,FEMININO,SUPERIOR COMPLETO,PRETA,PROFESSOR DE ENSINO FUNDAMENTAL
2020,VITÓRIA DA CONQUISTA,VEREADOR,55000,55,PSD,VITÓRIA DA CONQUISTA,42,MASCULINO,SUPERIOR COMPLETO,BRANCA,ADVOGADO
2020,VITÓRIA DA CONQUISTA,VEREADOR,28121,28,PRTB,VITÓRIA DA CONQUISTA,44,FEMININO,ENSINO MÉDIO COMPLETO,PRETA,TÉCNICO DE ENFERMAGEM E ASSEMELHADOS (EXCETO ENFERMEIRO)
